model,step_to,mean_distance,n
deepseek14b,2,0.261989,822
deepseek14b,3,0.251966,801
deepseek14b,4,0.24291,759
deepseek14b,5,0.247311,645
deepseek14b,6,0.301484,345
deepseek14b,7,0.341567,222
deepseek14b,8,0.32453,150
deepseek14b,9,0.330652,111
deepseek14b,10,0.342403,93
deepseek14b,11,0.319075,63
deepseek14b,12,0.371518,54
deepseek14b,13,0.329805,42
deepseek14b,14,0.356331,39
deepseek14b,15,0.349713,33
deepseek14b,16,0.359842,27
deepseek14b,17,0.345192,24
deepseek14b,18,0.313804,24
deepseek14b,19,0.33428,15
deepseek14b,20,0.39934,12
deepseek14b,21,0.370337,12
deepseek14b,22,0.332393,9
deepseek14b,23,0.443762,9
deepseek14b,24,0.447813,6
deepseek14b,25,0.403141,6
deepseek14b,26,0.254808,6
deepseek14b,27,0.28671,6
deepseek14b,28,0.195296,6
deepseek14b,29,0.397351,6
deepseek14b,30,0.388688,6
deepseek14b,31,0.543755,3
deepseek14b,32,0.343418,3
deepseek14b,33,0.329793,3
deepseek14b,34,0.426779,3
deepseek14b,35,0.458906,3
deepseek14b,36,0.682218,3
deepseek14b,37,0.354497,3
deepseek14b_bf16,2,0.192672,25
deepseek14b_bf16,3,0.177345,24
deepseek14b_bf16,4,0.135725,24
deepseek14b_bf16,5,0.126159,23
deepseek14b_bf16,6,0.090762,2
deepseek32b,2,0.249216,822
deepseek32b,3,0.231437,801
deepseek32b,4,0.215839,759
deepseek32b,5,0.203808,645
deepseek32b,6,0.23618,345
deepseek32b,7,0.245408,222
deepseek32b,8,0.225652,150
deepseek32b,9,0.229682,111
deepseek32b,10,0.230404,93
deepseek32b,11,0.232343,63
deepseek32b,12,0.227437,54
deepseek32b,13,0.236273,42
deepseek32b,14,0.220916,39
deepseek32b,15,0.219311,33
deepseek32b,16,0.193901,27
deepseek32b,17,0.199186,24
deepseek32b,18,0.229487,24
deepseek32b,19,0.184186,15
deepseek32b,20,0.20991,12
deepseek32b,21,0.227755,12
deepseek32b,22,0.21614,9
deepseek32b,23,0.284355,9
deepseek32b,24,0.29552,6
deepseek32b,25,0.281304,6
deepseek32b,26,0.17023,6
deepseek32b,27,0.114403,6
deepseek32b,28,0.178716,6
deepseek32b,29,0.212566,6
deepseek32b,30,0.187083,6
deepseek32b,31,0.26607,3
deepseek32b,32,0.180763,3
deepseek32b,33,0.223647,3
deepseek32b,34,0.215413,3
deepseek32b,35,0.227011,3
deepseek32b,36,0.186072,3
deepseek32b,37,0.287225,3
deepseek7b,2,0.382078,822
deepseek7b,3,0.342794,801
deepseek7b,4,0.299502,759
deepseek7b,5,0.308446,645
deepseek7b,6,0.32952,345
deepseek7b,7,0.334963,222
deepseek7b,8,0.323477,150
deepseek7b,9,0.287786,111
deepseek7b,10,0.274128,93
deepseek7b,11,0.286609,63
deepseek7b,12,0.239357,54
deepseek7b,13,0.247242,42
deepseek7b,14,0.222517,39
deepseek7b,15,0.264939,33
deepseek7b,16,0.213278,27
deepseek7b,17,0.248297,24
deepseek7b,18,0.251674,24
deepseek7b,19,0.240351,15
deepseek7b,20,0.174933,12
deepseek7b,21,0.189071,12
deepseek7b,22,0.19537,9
deepseek7b,23,0.206285,9
deepseek7b,24,0.258199,6
deepseek7b,25,0.255684,6
deepseek7b,26,0.202056,6
deepseek7b,27,0.251267,6
deepseek7b,28,0.205007,6
deepseek7b,29,0.239603,6
deepseek7b,30,0.26874,6
deepseek7b,31,0.264702,3
deepseek7b,32,0.13968,3
deepseek7b,33,0.262868,3
deepseek7b,34,0.289124,3
deepseek7b,35,0.244371,3
deepseek7b,36,0.304694,3
deepseek7b,37,0.255138,3
qwen05b_vllm,2,0.618119,822
qwen05b_vllm,3,0.602931,801
qwen05b_vllm,4,0.569692,759
qwen05b_vllm,5,0.550354,645
qwen05b_vllm,6,0.623817,345
qwen05b_vllm,7,0.643898,222
qwen05b_vllm,8,0.664171,150
qwen05b_vllm,9,0.626489,111
qwen05b_vllm,10,0.646884,93
qwen05b_vllm,11,0.659789,63
qwen05b_vllm,12,0.675303,54
qwen05b_vllm,13,0.707186,42
qwen05b_vllm,14,0.687668,39
qwen05b_vllm,15,0.678601,33
qwen05b_vllm,16,0.634128,27
qwen05b_vllm,17,0.536251,24
qwen05b_vllm,18,0.576142,24
qwen05b_vllm,19,0.595456,15
qwen05b_vllm,20,0.720382,12
qwen05b_vllm,21,0.522396,12
qwen05b_vllm,22,0.651748,9
qwen05b_vllm,23,0.614652,9
qwen05b_vllm,24,0.773304,6
qwen05b_vllm,25,0.647168,6
qwen05b_vllm,26,0.692937,6
qwen05b_vllm,27,0.57766,6
qwen05b_vllm,28,0.628807,6
qwen05b_vllm,29,0.604679,6
qwen05b_vllm,30,0.48024,6
qwen05b_vllm,31,0.513206,3
qwen05b_vllm,32,0.663004,3
qwen05b_vllm,33,0.73346,3
qwen05b_vllm,34,0.847181,3
qwen05b_vllm,35,0.669458,3
qwen05b_vllm,36,0.798503,3
qwen05b_vllm,37,0.738073,3
qwen14b,2,0.439084,822
qwen14b,3,0.430808,801
qwen14b,4,0.384833,759
qwen14b,5,0.385866,645
qwen14b,6,0.441808,345
qwen14b,7,0.406957,222
qwen14b,8,0.388747,150
qwen14b,9,0.39116,111
qwen14b,10,0.380128,93
qwen14b,11,0.427453,63
qwen14b,12,0.425034,54
qwen14b,13,0.395114,42
qwen14b,14,0.427921,39
qwen14b,15,0.381573,33
qwen14b,16,0.405198,27
qwen14b,17,0.309532,24
qwen14b,18,0.32244,24
qwen14b,19,0.331226,15
qwen14b,20,0.445345,12
qwen14b,21,0.498253,12
qwen14b,22,0.440565,9
qwen14b,23,0.508374,9
qwen14b,24,0.35315,6
qwen14b,25,0.398918,6
qwen14b,26,0.445885,6
qwen14b,27,0.470414,6
qwen14b,28,0.436663,6
qwen14b,29,0.30767,6
qwen14b,30,0.304416,6
qwen14b,31,0.319824,3
qwen14b,32,0.308841,3
qwen14b,33,0.28002,3
qwen14b,34,0.246876,3
qwen14b,35,0.284571,3
qwen14b,36,0.29815,3
qwen14b,37,0.314658,3
qwen14b_bf16,2,0.271805,25
qwen14b_bf16,3,0.295733,24
qwen14b_bf16,4,0.13073,24
qwen14b_bf16,5,0.16148,23
qwen14b_bf16,6,0.075337,2
qwen15b_vllm,2,0.538005,822
qwen15b_vllm,3,0.54015,801
qwen15b_vllm,4,0.496502,759
qwen15b_vllm,5,0.486498,645
qwen15b_vllm,6,0.540204,345
qwen15b_vllm,7,0.572719,222
qwen15b_vllm,8,0.557971,150
qwen15b_vllm,9,0.513289,111
qwen15b_vllm,10,0.575262,93
qwen15b_vllm,11,0.527642,63
qwen15b_vllm,12,0.507674,54
qwen15b_vllm,13,0.556499,42
qwen15b_vllm,14,0.50304,39
qwen15b_vllm,15,0.455415,33
qwen15b_vllm,16,0.461559,27
qwen15b_vllm,17,0.464353,24
qwen15b_vllm,18,0.5174,24
qwen15b_vllm,19,0.555527,15
qwen15b_vllm,20,0.48749,12
qwen15b_vllm,21,0.44142,12
qwen15b_vllm,22,0.448054,9
qwen15b_vllm,23,0.514995,9
qwen15b_vllm,24,0.480921,6
qwen15b_vllm,25,0.41988,6
qwen15b_vllm,26,0.362193,6
qwen15b_vllm,27,0.458335,6
qwen15b_vllm,28,0.353348,6
qwen15b_vllm,29,0.398978,6
qwen15b_vllm,30,0.368236,6
qwen15b_vllm,31,0.61806,3
qwen15b_vllm,32,0.427946,3
qwen15b_vllm,33,0.347614,3
qwen15b_vllm,34,0.41855,3
qwen15b_vllm,35,0.40836,3
qwen15b_vllm,36,0.379585,3
qwen15b_vllm,37,0.373116,3
qwen32b,2,0.355904,822
qwen32b,3,0.341564,801
qwen32b,4,0.307083,759
qwen32b,5,0.299113,645
qwen32b,6,0.336696,345
qwen32b,7,0.350797,222
qwen32b,8,0.374818,150
qwen32b,9,0.364208,111
qwen32b,10,0.348352,93
qwen32b,11,0.376293,63
qwen32b,12,0.319105,54
qwen32b,13,0.317554,42
qwen32b,14,0.337985,39
qwen32b,15,0.348367,33
qwen32b,16,0.347778,27
qwen32b,17,0.319443,24
qwen32b,18,0.334306,24
qwen32b,19,0.346281,15
qwen32b,20,0.321189,12
qwen32b,21,0.508857,12
qwen32b,22,0.472461,9
qwen32b,23,0.320163,9
qwen32b,24,0.257845,6
qwen32b,25,0.170902,6
qwen32b,26,0.3811,6
qwen32b,27,0.314946,6
qwen32b,28,0.27557,6
qwen32b,29,0.278924,6
qwen32b,30,0.408279,6
qwen32b,31,0.416195,3
qwen32b,32,0.300475,3
qwen32b,33,0.228793,3
qwen32b,34,0.320969,3
qwen32b,35,0.462546,3
qwen32b,36,0.302737,3
qwen32b,37,0.240981,3
qwen7b,2,0.332901,822
qwen7b,3,0.313173,801
qwen7b,4,0.269898,759
qwen7b,5,0.260535,645
qwen7b,6,0.326261,345
qwen7b,7,0.357318,222
qwen7b,8,0.354174,150
qwen7b,9,0.314991,111
qwen7b,10,0.330432,93
qwen7b,11,0.322092,63
qwen7b,12,0.327813,54
qwen7b,13,0.330344,42
qwen7b,14,0.323002,39
qwen7b,15,0.355055,33
qwen7b,16,0.325888,27
qwen7b,17,0.264491,24
qwen7b,18,0.257905,24
qwen7b,19,0.21227,15
qwen7b,20,0.182808,12
qwen7b,21,0.27725,12
qwen7b,22,0.317289,9
qwen7b,23,0.339061,9
qwen7b,24,0.28459,6
qwen7b,25,0.165785,6
qwen7b,26,0.28373,6
qwen7b,27,0.357283,6
qwen7b,28,0.293282,6
qwen7b,29,0.305714,6
qwen7b,30,0.315999,6
qwen7b,31,0.218841,3
qwen7b,32,0.258167,3
qwen7b,33,0.357239,3
qwen7b,34,0.308036,3
qwen7b,35,0.166141,3
qwen7b,36,0.220865,3
qwen7b,37,0.308507,3
