model,task,story_id,repetition,emergence_point
deepseek14b,false_belief,fb001,1,1.0
deepseek14b,false_belief,fb001,2,2.0
deepseek14b,false_belief,fb001,3,2.0
deepseek14b,false_belief,fb002,1,1.0
deepseek14b,false_belief,fb002,2,1.0
deepseek14b,false_belief,fb002,3,1.0
deepseek14b,false_belief,fb003,1,1.0
deepseek14b,false_belief,fb003,2,1.0
deepseek14b,false_belief,fb003,3,1.0
deepseek14b,false_belief,fb004,1,1.0
deepseek14b,false_belief,fb004,2,2.0
deepseek14b,false_belief,fb004,3,2.0
deepseek14b,false_belief,fb005,1,2.0
deepseek14b,false_belief,fb005,2,3.0
deepseek14b,false_belief,fb005,3,2.0
deepseek14b,false_belief,fb006,1,2.0
deepseek14b,false_belief,fb006,2,1.0
deepseek14b,false_belief,fb006,3,1.0
deepseek14b,false_belief,fb007,1,2.0
deepseek14b,false_belief,fb007,2,1.0
deepseek14b,false_belief,fb007,3,1.0
deepseek14b,false_belief,fb008,1,1.0
deepseek14b,false_belief,fb008,2,1.0
deepseek14b,false_belief,fb008,3,1.0
deepseek14b,false_belief,fb009,1,2.0
deepseek14b,false_belief,fb009,2,1.0
deepseek14b,false_belief,fb009,3,1.0
deepseek14b,false_belief,fb010,1,1.0
deepseek14b,false_belief,fb010,2,1.0
deepseek14b,false_belief,fb010,3,2.0
deepseek14b,false_belief,fb011,1,1.0
deepseek14b,false_belief,fb011,2,1.0
deepseek14b,false_belief,fb011,3,1.0
deepseek14b,false_belief,fb012,1,3.0
deepseek14b,false_belief,fb012,2,3.0
deepseek14b,false_belief,fb012,3,2.0
deepseek14b,false_belief,fb013,1,1.0
deepseek14b,false_belief,fb013,2,1.0
deepseek14b,false_belief,fb013,3,2.0
deepseek14b,false_belief,fb014,1,1.0
deepseek14b,false_belief,fb014,2,1.0
deepseek14b,false_belief,fb014,3,1.0
deepseek14b,false_belief,fb015,1,1.0
deepseek14b,false_belief,fb015,2,1.0
deepseek14b,false_belief,fb015,3,2.0
deepseek14b,false_belief,fb016,1,2.0
deepseek14b,false_belief,fb016,2,2.0
deepseek14b,false_belief,fb016,3,1.0
deepseek14b,false_belief,fb017,1,1.0
deepseek14b,false_belief,fb017,2,1.0
deepseek14b,false_belief,fb017,3,1.0
deepseek14b,false_belief,fb018,1,3.0
deepseek14b,false_belief,fb018,2,1.0
deepseek14b,false_belief,fb018,3,2.0
deepseek14b,false_belief,fb019,1,1.0
deepseek14b,false_belief,fb019,2,1.0
deepseek14b,false_belief,fb019,3,2.0
deepseek14b,false_belief,fb020,1,3.0
deepseek14b,false_belief,fb020,2,3.0
deepseek14b,false_belief,fb020,3,2.0
deepseek14b,false_belief,fb021,1,1.0
deepseek14b,false_belief,fb021,2,1.0
deepseek14b,false_belief,fb021,3,1.0
deepseek14b,false_belief,fb022,1,1.0
deepseek14b,false_belief,fb022,2,2.0
deepseek14b,false_belief,fb022,3,3.0
deepseek14b,false_belief,fb023,1,3.0
deepseek14b,false_belief,fb023,2,2.0
deepseek14b,false_belief,fb023,3,1.0
deepseek14b,false_belief,fb024,1,1.0
deepseek14b,false_belief,fb024,2,1.0
deepseek14b,false_belief,fb024,3,1.0
deepseek14b,false_belief,fb025,1,2.0
deepseek14b,false_belief,fb025,2,3.0
deepseek14b,false_belief,fb025,3,3.0
deepseek14b,false_belief,fb026,1,2.0
deepseek14b,false_belief,fb026,2,2.0
deepseek14b,false_belief,fb026,3,2.0
deepseek14b,false_belief,fb027,1,2.0
deepseek14b,false_belief,fb027,2,2.0
deepseek14b,false_belief,fb027,3,1.0
deepseek14b,false_belief,fb028,1,2.0
deepseek14b,false_belief,fb028,2,1.0
deepseek14b,false_belief,fb028,3,2.0
deepseek14b,false_belief,fb029,1,1.0
deepseek14b,false_belief,fb029,2,1.0
deepseek14b,false_belief,fb029,3,1.0
deepseek14b,false_belief,fb030,1,1.0
deepseek14b,false_belief,fb030,2,1.0
deepseek14b,false_belief,fb030,3,1.0
deepseek14b,false_belief,fb031,1,3.0
deepseek14b,false_belief,fb031,2,4.0
deepseek14b,false_belief,fb031,3,2.0
deepseek14b,false_belief,fb032,1,2.0
deepseek14b,false_belief,fb032,2,1.0
deepseek14b,false_belief,fb032,3,2.0
deepseek14b,false_belief,fb033,1,2.0
deepseek14b,false_belief,fb033,2,2.0
deepseek14b,false_belief,fb033,3,3.0
deepseek14b,false_belief,fb034,1,2.0
deepseek14b,false_belief,fb034,2,1.0
deepseek14b,false_belief,fb034,3,1.0
deepseek14b,false_belief,fb035,1,1.0
deepseek14b,false_belief,fb035,2,2.0
deepseek14b,false_belief,fb035,3,1.0
deepseek14b,false_belief,fb036,1,1.0
deepseek14b,false_belief,fb036,2,1.0
deepseek14b,false_belief,fb036,3,2.0
deepseek14b,false_belief,fb037,1,2.0
deepseek14b,false_belief,fb037,2,1.0
deepseek14b,false_belief,fb037,3,2.0
deepseek14b,false_belief,fb038,1,2.0
deepseek14b,false_belief,fb038,2,2.0
deepseek14b,false_belief,fb038,3,3.0
deepseek14b,false_belief,fb039,1,1.0
deepseek14b,false_belief,fb039,2,1.0
deepseek14b,false_belief,fb039,3,2.0
deepseek14b,false_belief,fb040,1,3.0
deepseek14b,false_belief,fb040,2,2.0
deepseek14b,false_belief,fb040,3,2.0
deepseek14b,false_belief,fb041,1,2.0
deepseek14b,false_belief,fb041,2,2.0
deepseek14b,false_belief,fb041,3,3.0
deepseek14b,false_belief,fb042,1,3.0
deepseek14b,false_belief,fb042,2,2.0
deepseek14b,false_belief,fb042,3,4.0
deepseek14b,false_belief,fb043,1,4.0
deepseek14b,false_belief,fb043,2,3.0
deepseek14b,false_belief,fb043,3,2.0
deepseek14b,false_belief,fb044,1,2.0
deepseek14b,false_belief,fb044,2,2.0
deepseek14b,false_belief,fb044,3,1.0
deepseek14b,false_belief,fb045,1,2.0
deepseek14b,false_belief,fb045,2,2.0
deepseek14b,false_belief,fb045,3,3.0
deepseek14b,false_belief,fb046,1,1.0
deepseek14b,false_belief,fb046,2,1.0
deepseek14b,false_belief,fb046,3,1.0
deepseek14b,false_belief,fb047,1,1.0
deepseek14b,false_belief,fb047,2,1.0
deepseek14b,false_belief,fb047,3,1.0
deepseek14b,false_belief,fb048,1,3.0
deepseek14b,false_belief,fb048,2,3.0
deepseek14b,false_belief,fb048,3,5.0
deepseek14b,false_belief,fb049,1,2.0
deepseek14b,false_belief,fb049,2,1.0
deepseek14b,false_belief,fb049,3,1.0
deepseek14b,false_belief,fb050,1,1.0
deepseek14b,false_belief,fb050,2,1.0
deepseek14b,false_belief,fb050,3,2.0
deepseek14b,false_belief,fb051,1,2.0
deepseek14b,false_belief,fb051,2,3.0
deepseek14b,false_belief,fb051,3,1.0
deepseek14b,false_belief,fb052,1,2.0
deepseek14b,false_belief,fb052,2,1.0
deepseek14b,false_belief,fb052,3,1.0
deepseek14b,false_belief,fb053,1,1.0
deepseek14b,false_belief,fb053,2,1.0
deepseek14b,false_belief,fb053,3,1.0
deepseek14b,false_belief,fb054,1,2.0
deepseek14b,false_belief,fb054,2,2.0
deepseek14b,false_belief,fb054,3,2.0
deepseek14b,false_belief,fb055,1,3.0
deepseek14b,false_belief,fb055,2,2.0
deepseek14b,false_belief,fb055,3,3.0
deepseek14b,false_belief,fb056,1,2.0
deepseek14b,false_belief,fb056,2,1.0
deepseek14b,false_belief,fb056,3,1.0
deepseek14b,false_belief,fb057,1,4.0
deepseek14b,false_belief,fb057,2,2.0
deepseek14b,false_belief,fb057,3,2.0
deepseek14b,false_belief,fb058,1,1.0
deepseek14b,false_belief,fb058,2,1.0
deepseek14b,false_belief,fb058,3,1.0
deepseek14b,false_belief,fb059,1,2.0
deepseek14b,false_belief,fb059,2,1.0
deepseek14b,false_belief,fb059,3,3.0
deepseek14b,false_belief,fb060,1,2.0
deepseek14b,false_belief,fb060,2,2.0
deepseek14b,false_belief,fb060,3,2.0
deepseek14b,false_belief,sfp011,1,2.0
deepseek14b,false_belief,sfp011,2,
deepseek14b,false_belief,sfp011,3,2.0
deepseek14b,false_belief,sfp012,1,2.0
deepseek14b,false_belief,sfp012,2,3.0
deepseek14b,false_belief,sfp012,3,1.0
deepseek14b,false_belief,sfp013,1,1.0
deepseek14b,false_belief,sfp013,2,2.0
deepseek14b,false_belief,sfp013,3,3.0
deepseek14b,false_belief,sfp014,1,
deepseek14b,false_belief,sfp014,2,
deepseek14b,false_belief,sfp014,3,1.0
deepseek14b,false_belief,sfp015,1,2.0
deepseek14b,false_belief,sfp015,2,1.0
deepseek14b,false_belief,sfp015,3,1.0
deepseek14b,false_belief,sfp016,1,1.0
deepseek14b,false_belief,sfp016,2,1.0
deepseek14b,false_belief,sfp016,3,1.0
deepseek14b,false_belief,sfp017,1,1.0
deepseek14b,false_belief,sfp017,2,1.0
deepseek14b,false_belief,sfp017,3,3.0
deepseek14b,false_belief,sfp018,1,5.0
deepseek14b,false_belief,sfp018,2,2.0
deepseek14b,false_belief,sfp018,3,3.0
deepseek14b,false_belief,sfp019,1,
deepseek14b,false_belief,sfp019,2,4.0
deepseek14b,false_belief,sfp019,3,4.0
deepseek14b,false_belief,sfp020,1,1.0
deepseek14b,false_belief,sfp020,2,1.0
deepseek14b,false_belief,sfp020,3,1.0
deepseek14b,faux_pas,sfp001,1,1.0
deepseek14b,faux_pas,sfp001,2,1.0
deepseek14b,faux_pas,sfp001,3,2.0
deepseek14b,faux_pas,sfp002,1,5.0
deepseek14b,faux_pas,sfp002,2,5.0
deepseek14b,faux_pas,sfp002,3,5.0
deepseek14b,faux_pas,sfp003,1,5.0
deepseek14b,faux_pas,sfp003,2,5.0
deepseek14b,faux_pas,sfp003,3,5.0
deepseek14b,faux_pas,sfp004,1,4.0
deepseek14b,faux_pas,sfp004,2,4.0
deepseek14b,faux_pas,sfp004,3,4.0
deepseek14b,faux_pas,sfp005,1,5.0
deepseek14b,faux_pas,sfp005,2,3.0
deepseek14b,faux_pas,sfp005,3,2.0
deepseek14b,faux_pas,sfp006,1,3.0
deepseek14b,faux_pas,sfp006,2,1.0
deepseek14b,faux_pas,sfp006,3,2.0
deepseek14b,faux_pas,sfp007,1,1.0
deepseek14b,faux_pas,sfp007,2,1.0
deepseek14b,faux_pas,sfp007,3,1.0
deepseek14b,faux_pas,sfp008,1,3.0
deepseek14b,faux_pas,sfp008,2,3.0
deepseek14b,faux_pas,sfp008,3,3.0
deepseek14b,faux_pas,sfp009,1,
deepseek14b,faux_pas,sfp009,2,
deepseek14b,faux_pas,sfp009,3,4.0
deepseek14b,faux_pas,sfp010,1,3.0
deepseek14b,faux_pas,sfp010,2,3.0
deepseek14b,faux_pas,sfp010,3,2.0
deepseek14b,implicature,swmimp001,1,1.0
deepseek14b,implicature,swmimp001,2,1.0
deepseek14b,implicature,swmimp001,3,3.0
deepseek14b,implicature,swmimp002,1,1.0
deepseek14b,implicature,swmimp002,2,3.0
deepseek14b,implicature,swmimp002,3,6.0
deepseek14b,implicature,swmimp003,1,4.0
deepseek14b,implicature,swmimp003,2,1.0
deepseek14b,implicature,swmimp003,3,3.0
deepseek14b,implicature,swmimp004,1,
deepseek14b,implicature,swmimp004,2,
deepseek14b,implicature,swmimp004,3,
deepseek14b,implicature,swmimp005,1,1.0
deepseek14b,implicature,swmimp005,2,1.0
deepseek14b,implicature,swmimp005,3,1.0
deepseek14b,implicature,swmimp006,1,2.0
deepseek14b,implicature,swmimp006,2,2.0
deepseek14b,implicature,swmimp006,3,2.0
deepseek14b,implicature,swmimp007,1,8.0
deepseek14b,implicature,swmimp007,2,
deepseek14b,implicature,swmimp007,3,
deepseek14b,implicature,swmimp008,1,2.0
deepseek14b,implicature,swmimp008,2,3.0
deepseek14b,implicature,swmimp008,3,1.0
deepseek14b,implicature,swmimp009,1,2.0
deepseek14b,implicature,swmimp009,2,5.0
deepseek14b,implicature,swmimp009,3,6.0
deepseek14b,implicature,swmimp010,1,4.0
deepseek14b,implicature,swmimp010,2,
deepseek14b,implicature,swmimp010,3,
deepseek14b,implicature,swmimp011,1,
deepseek14b,implicature,swmimp011,2,1.0
deepseek14b,implicature,swmimp011,3,
deepseek14b,implicature,swmimp012,1,1.0
deepseek14b,implicature,swmimp012,2,1.0
deepseek14b,implicature,swmimp012,3,2.0
deepseek14b,implicature,swmimp013,1,
deepseek14b,implicature,swmimp013,2,2.0
deepseek14b,implicature,swmimp013,3,2.0
deepseek14b,implicature,swmimp014,1,2.0
deepseek14b,implicature,swmimp014,2,
deepseek14b,implicature,swmimp014,3,
deepseek14b,implicature,swmimp015,1,
deepseek14b,implicature,swmimp015,2,
deepseek14b,implicature,swmimp015,3,1.0
deepseek14b,implicature,swmimp016,1,1.0
deepseek14b,implicature,swmimp016,2,2.0
deepseek14b,implicature,swmimp016,3,3.0
deepseek14b,implicature,swmimp017,1,
deepseek14b,implicature,swmimp017,2,1.0
deepseek14b,implicature,swmimp017,3,
deepseek14b,implicature,swmimp018,1,1.0
deepseek14b,implicature,swmimp018,2,1.0
deepseek14b,implicature,swmimp018,3,1.0
deepseek14b,implicature,swmimp019,1,2.0
deepseek14b,implicature,swmimp019,2,1.0
deepseek14b,implicature,swmimp019,3,
deepseek14b,implicature,swmimp020,1,
deepseek14b,implicature,swmimp020,2,4.0
deepseek14b,implicature,swmimp020,3,4.0
deepseek14b,implicature,swmimp021,1,2.0
deepseek14b,implicature,swmimp021,2,2.0
deepseek14b,implicature,swmimp021,3,
deepseek14b,implicature,swmimp022,1,
deepseek14b,implicature,swmimp022,2,4.0
deepseek14b,implicature,swmimp022,3,4.0
deepseek14b,implicature,swmimp023,1,
deepseek14b,implicature,swmimp023,2,
deepseek14b,implicature,swmimp023,3,
deepseek14b,implicature,swmimp024,1,3.0
deepseek14b,implicature,swmimp024,2,
deepseek14b,implicature,swmimp024,3,
deepseek14b,implicature,swmimp025,1,1.0
deepseek14b,implicature,swmimp025,2,
deepseek14b,implicature,swmimp025,3,6.0
deepseek14b,implicature,swmimp026,1,
deepseek14b,implicature,swmimp026,2,
deepseek14b,implicature,swmimp026,3,
deepseek14b,implicature,swmimp027,1,
deepseek14b,implicature,swmimp027,2,
deepseek14b,implicature,swmimp027,3,
deepseek14b,implicature,swmimp028,1,1.0
deepseek14b,implicature,swmimp028,2,2.0
deepseek14b,implicature,swmimp028,3,1.0
deepseek14b,implicature,swmimp029,1,1.0
deepseek14b,implicature,swmimp029,2,1.0
deepseek14b,implicature,swmimp029,3,1.0
deepseek14b,implicature,swmimp030,1,3.0
deepseek14b,implicature,swmimp030,2,3.0
deepseek14b,implicature,swmimp030,3,1.0
deepseek14b,implicature,swmimp031,1,7.0
deepseek14b,implicature,swmimp031,2,
deepseek14b,implicature,swmimp031,3,
deepseek14b,implicature,swmimp032,1,
deepseek14b,implicature,swmimp032,2,1.0
deepseek14b,implicature,swmimp032,3,5.0
deepseek14b,implicature,swmimp033,1,
deepseek14b,implicature,swmimp033,2,
deepseek14b,implicature,swmimp033,3,
deepseek14b,implicature,swmimp034,1,1.0
deepseek14b,implicature,swmimp034,2,1.0
deepseek14b,implicature,swmimp034,3,1.0
deepseek14b,implicature,swmimp035,1,
deepseek14b,implicature,swmimp035,2,2.0
deepseek14b,implicature,swmimp035,3,
deepseek14b,implicature,swmimp036,1,
deepseek14b,implicature,swmimp036,2,
deepseek14b,implicature,swmimp036,3,2.0
deepseek14b,implicature,swmimp037,1,4.0
deepseek14b,implicature,swmimp037,2,
deepseek14b,implicature,swmimp037,3,3.0
deepseek14b,implicature,swmimp038,1,3.0
deepseek14b,implicature,swmimp038,2,
deepseek14b,implicature,swmimp038,3,4.0
deepseek14b,implicature,swmimp039,1,
deepseek14b,implicature,swmimp039,2,
deepseek14b,implicature,swmimp039,3,
deepseek14b,implicature,swmimp040,1,3.0
deepseek14b,implicature,swmimp040,2,1.0
deepseek14b,implicature,swmimp040,3,4.0
deepseek14b,implicature,swmimp041,1,2.0
deepseek14b,implicature,swmimp041,2,2.0
deepseek14b,implicature,swmimp041,3,1.0
deepseek14b,implicature,swmimp042,1,4.0
deepseek14b,implicature,swmimp042,2,
deepseek14b,implicature,swmimp042,3,3.0
deepseek14b,implicature,swmimp043,1,2.0
deepseek14b,implicature,swmimp043,2,2.0
deepseek14b,implicature,swmimp043,3,1.0
deepseek14b,implicature,swmimp044,1,4.0
deepseek14b,implicature,swmimp044,2,5.0
deepseek14b,implicature,swmimp044,3,2.0
deepseek14b,implicature,swmimp045,1,
deepseek14b,implicature,swmimp045,2,
deepseek14b,implicature,swmimp045,3,5.0
deepseek14b,implicature,swmimp046,1,2.0
deepseek14b,implicature,swmimp046,2,1.0
deepseek14b,implicature,swmimp046,3,2.0
deepseek14b,implicature,swmimp047,1,2.0
deepseek14b,implicature,swmimp047,2,1.0
deepseek14b,implicature,swmimp047,3,2.0
deepseek14b,implicature,swmimp048,1,2.0
deepseek14b,implicature,swmimp048,2,1.0
deepseek14b,implicature,swmimp048,3,2.0
deepseek14b,implicature,swmimp049,1,2.0
deepseek14b,implicature,swmimp049,2,3.0
deepseek14b,implicature,swmimp049,3,2.0
deepseek14b,implicature,swmimp050,1,2.0
deepseek14b,implicature,swmimp050,2,
deepseek14b,implicature,swmimp050,3,6.0
deepseek14b,implicature,swmimp051,1,2.0
deepseek14b,implicature,swmimp051,2,3.0
deepseek14b,implicature,swmimp051,3,4.0
deepseek14b,implicature,swmimp052,1,
deepseek14b,implicature,swmimp052,2,2.0
deepseek14b,implicature,swmimp052,3,1.0
deepseek14b,implicature,swmimp053,1,6.0
deepseek14b,implicature,swmimp053,2,7.0
deepseek14b,implicature,swmimp053,3,2.0
deepseek14b,implicature,swmimp054,1,
deepseek14b,implicature,swmimp054,2,2.0
deepseek14b,implicature,swmimp054,3,1.0
deepseek14b,implicature,swmimp055,1,4.0
deepseek14b,implicature,swmimp055,2,
deepseek14b,implicature,swmimp055,3,
deepseek14b,implicature,swmimp056,1,
deepseek14b,implicature,swmimp056,2,6.0
deepseek14b,implicature,swmimp056,3,1.0
deepseek14b,implicature,swmimp057,1,
deepseek14b,implicature,swmimp057,2,1.0
deepseek14b,implicature,swmimp057,3,2.0
deepseek14b,implicature,swmimp058,1,2.0
deepseek14b,implicature,swmimp058,2,4.0
deepseek14b,implicature,swmimp058,3,1.0
deepseek14b,implicature,swmimp059,1,1.0
deepseek14b,implicature,swmimp059,2,1.0
deepseek14b,implicature,swmimp059,3,2.0
deepseek14b,implicature,swmimp060,1,
deepseek14b,implicature,swmimp060,2,2.0
deepseek14b,implicature,swmimp060,3,3.0
deepseek14b,implicature,swmimp061,1,2.0
deepseek14b,implicature,swmimp061,2,
deepseek14b,implicature,swmimp061,3,2.0
deepseek14b,implicature,swmimp062,1,2.0
deepseek14b,implicature,swmimp062,2,1.0
deepseek14b,implicature,swmimp062,3,1.0
deepseek14b,implicature,swmimp063,1,
deepseek14b,implicature,swmimp063,2,3.0
deepseek14b,implicature,swmimp063,3,4.0
deepseek14b,implicature,swmimp064,1,
deepseek14b,implicature,swmimp064,2,2.0
deepseek14b,implicature,swmimp064,3,
deepseek14b,implicature,swmimp065,1,2.0
deepseek14b,implicature,swmimp065,2,
deepseek14b,implicature,swmimp065,3,3.0
deepseek14b,implicature,swmimp066,1,2.0
deepseek14b,implicature,swmimp066,2,2.0
deepseek14b,implicature,swmimp066,3,
deepseek14b,implicature,swmimp067,1,3.0
deepseek14b,implicature,swmimp067,2,3.0
deepseek14b,implicature,swmimp067,3,4.0
deepseek14b,implicature,swmimp068,1,6.0
deepseek14b,implicature,swmimp068,2,1.0
deepseek14b,implicature,swmimp068,3,3.0
deepseek14b,implicature,swmimp069,1,1.0
deepseek14b,implicature,swmimp069,2,1.0
deepseek14b,implicature,swmimp069,3,6.0
deepseek14b,implicature,swmimp070,1,2.0
deepseek14b,implicature,swmimp070,2,4.0
deepseek14b,implicature,swmimp070,3,1.0
deepseek14b,implicature,swmimp071,1,1.0
deepseek14b,implicature,swmimp071,2,3.0
deepseek14b,implicature,swmimp071,3,1.0
deepseek14b,implicature,swmimp072,1,3.0
deepseek14b,implicature,swmimp072,2,1.0
deepseek14b,implicature,swmimp072,3,2.0
deepseek14b,implicature,swmimp073,1,1.0
deepseek14b,implicature,swmimp073,2,1.0
deepseek14b,implicature,swmimp073,3,
deepseek14b,implicature,swmimp074,1,1.0
deepseek14b,implicature,swmimp074,2,7.0
deepseek14b,implicature,swmimp074,3,7.0
deepseek14b,implicature,swmimp075,1,
deepseek14b,implicature,swmimp075,2,7.0
deepseek14b,implicature,swmimp075,3,4.0
deepseek14b,implicature,swmimp076,1,1.0
deepseek14b,implicature,swmimp076,2,1.0
deepseek14b,implicature,swmimp076,3,3.0
deepseek14b,implicature,swmimp077,1,2.0
deepseek14b,implicature,swmimp077,2,1.0
deepseek14b,implicature,swmimp077,3,1.0
deepseek14b,implicature,swmimp078,1,1.0
deepseek14b,implicature,swmimp078,2,
deepseek14b,implicature,swmimp078,3,
deepseek14b,implicature,swmimp079,1,7.0
deepseek14b,implicature,swmimp079,2,6.0
deepseek14b,implicature,swmimp079,3,
deepseek14b,implicature,swmimp080,1,2.0
deepseek14b,implicature,swmimp080,2,2.0
deepseek14b,implicature,swmimp080,3,3.0
deepseek14b,implicature,swmimp081,1,1.0
deepseek14b,implicature,swmimp081,2,4.0
deepseek14b,implicature,swmimp081,3,
deepseek14b,implicature,swmimp082,1,2.0
deepseek14b,implicature,swmimp082,2,4.0
deepseek14b,implicature,swmimp082,3,4.0
deepseek14b,implicature,swmimp083,1,2.0
deepseek14b,implicature,swmimp083,2,2.0
deepseek14b,implicature,swmimp083,3,2.0
deepseek14b,implicature,swmimp084,1,5.0
deepseek14b,implicature,swmimp084,2,5.0
deepseek14b,implicature,swmimp084,3,
deepseek14b,implicature,swmimp085,1,1.0
deepseek14b,implicature,swmimp085,2,3.0
deepseek14b,implicature,swmimp085,3,1.0
deepseek14b,implicature,swmimp086,1,3.0
deepseek14b,implicature,swmimp086,2,
deepseek14b,implicature,swmimp086,3,
deepseek14b,implicature,swmimp087,1,1.0
deepseek14b,implicature,swmimp087,2,
deepseek14b,implicature,swmimp087,3,2.0
deepseek14b,implicature,swmimp088,1,4.0
deepseek14b,implicature,swmimp088,2,
deepseek14b,implicature,swmimp088,3,3.0
deepseek14b,implicature,swmimp089,1,
deepseek14b,implicature,swmimp089,2,
deepseek14b,implicature,swmimp089,3,
deepseek14b,implicature,swmimp090,1,1.0
deepseek14b,implicature,swmimp090,2,2.0
deepseek14b,implicature,swmimp090,3,2.0
deepseek14b,implicature,swmimp091,1,1.0
deepseek14b,implicature,swmimp091,2,1.0
deepseek14b,implicature,swmimp091,3,1.0
deepseek14b,implicature,swmimp092,1,
deepseek14b,implicature,swmimp092,2,3.0
deepseek14b,implicature,swmimp092,3,7.0
deepseek14b,implicature,swmimp093,1,
deepseek14b,implicature,swmimp093,2,4.0
deepseek14b,implicature,swmimp093,3,
deepseek14b,implicature,swmimp094,1,6.0
deepseek14b,implicature,swmimp094,2,6.0
deepseek14b,implicature,swmimp094,3,7.0
deepseek14b,implicature,swmimp095,1,1.0
deepseek14b,implicature,swmimp095,2,2.0
deepseek14b,implicature,swmimp095,3,1.0
deepseek14b,implicature,swmimp096,1,
deepseek14b,implicature,swmimp096,2,
deepseek14b,implicature,swmimp096,3,
deepseek14b,implicature,swmimp097,1,1.0
deepseek14b,implicature,swmimp097,2,1.0
deepseek14b,implicature,swmimp097,3,3.0
deepseek14b,implicature,swmimp098,1,2.0
deepseek14b,implicature,swmimp098,2,1.0
deepseek14b,implicature,swmimp098,3,5.0
deepseek14b,implicature,swmimp099,1,
deepseek14b,implicature,swmimp099,2,3.0
deepseek14b,implicature,swmimp099,3,1.0
deepseek14b,implicature,swmimp100,1,6.0
deepseek14b,implicature,swmimp100,2,3.0
deepseek14b,implicature,swmimp100,3,3.0
deepseek14b,implicature,swmimp101,1,1.0
deepseek14b,implicature,swmimp101,2,1.0
deepseek14b,implicature,swmimp101,3,2.0
deepseek14b,implicature,swmimp102,1,12.0
deepseek14b,implicature,swmimp102,2,12.0
deepseek14b,implicature,swmimp102,3,
deepseek14b,implicature,swmimp103,1,
deepseek14b,implicature,swmimp103,2,1.0
deepseek14b,implicature,swmimp103,3,1.0
deepseek14b,implicature,swmimp104,1,4.0
deepseek14b,implicature,swmimp104,2,7.0
deepseek14b,implicature,swmimp104,3,3.0
deepseek14b,implicature,swmimp105,1,1.0
deepseek14b,implicature,swmimp105,2,1.0
deepseek14b,implicature,swmimp105,3,
deepseek14b,implicature,swmimp106,1,
deepseek14b,implicature,swmimp106,2,
deepseek14b,implicature,swmimp106,3,
deepseek14b,implicature,swmimp107,1,
deepseek14b,implicature,swmimp107,2,
deepseek14b,implicature,swmimp107,3,
deepseek14b,implicature,swmimp108,1,
deepseek14b,implicature,swmimp108,2,
deepseek14b,implicature,swmimp108,3,
deepseek14b,implicature,swmimp109,1,
deepseek14b,implicature,swmimp109,2,
deepseek14b,implicature,swmimp109,3,
deepseek14b,implicature,swmimp110,1,3.0
deepseek14b,implicature,swmimp110,2,1.0
deepseek14b,implicature,swmimp110,3,2.0
deepseek14b,implicature,swmimp111,1,2.0
deepseek14b,implicature,swmimp111,2,
deepseek14b,implicature,swmimp111,3,2.0
deepseek14b,implicature,swmimp112,1,4.0
deepseek14b,implicature,swmimp112,2,
deepseek14b,implicature,swmimp112,3,5.0
deepseek14b,implicature,swmimp113,1,4.0
deepseek14b,implicature,swmimp113,2,8.0
deepseek14b,implicature,swmimp113,3,8.0
deepseek14b,implicature,swmimp114,1,
deepseek14b,implicature,swmimp114,2,
deepseek14b,implicature,swmimp114,3,1.0
deepseek14b,implicature,swmimp115,1,
deepseek14b,implicature,swmimp115,2,1.0
deepseek14b,implicature,swmimp115,3,3.0
deepseek14b,implicature,swmimp116,1,6.0
deepseek14b,implicature,swmimp116,2,1.0
deepseek14b,implicature,swmimp116,3,6.0
deepseek14b,implicature,swmimp117,1,3.0
deepseek14b,implicature,swmimp117,2,1.0
deepseek14b,implicature,swmimp117,3,4.0
deepseek14b,implicature,swmimp118,1,4.0
deepseek14b,implicature,swmimp118,2,3.0
deepseek14b,implicature,swmimp118,3,
deepseek14b,implicature,swmimp119,1,1.0
deepseek14b,implicature,swmimp119,2,1.0
deepseek14b,implicature,swmimp119,3,2.0
deepseek14b,implicature,swmimp120,1,3.0
deepseek14b,implicature,swmimp120,2,2.0
deepseek14b,implicature,swmimp120,3,2.0
deepseek14b,implicature,swmimp121,1,2.0
deepseek14b,implicature,swmimp121,2,1.0
deepseek14b,implicature,swmimp121,3,1.0
deepseek14b,implicature,swmimp122,1,1.0
deepseek14b,implicature,swmimp122,2,3.0
deepseek14b,implicature,swmimp122,3,2.0
deepseek14b,implicature,swmimp123,1,4.0
deepseek14b,implicature,swmimp123,2,
deepseek14b,implicature,swmimp123,3,5.0
deepseek14b,implicature,swmimp124,1,1.0
deepseek14b,implicature,swmimp124,2,
deepseek14b,implicature,swmimp124,3,3.0
deepseek14b,implicature,swmimp125,1,4.0
deepseek14b,implicature,swmimp125,2,2.0
deepseek14b,implicature,swmimp125,3,4.0
deepseek14b,implicature,swmimp126,1,3.0
deepseek14b,implicature,swmimp126,2,1.0
deepseek14b,implicature,swmimp126,3,1.0
deepseek14b,implicature,swmimp127,1,
deepseek14b,implicature,swmimp127,2,1.0
deepseek14b,implicature,swmimp127,3,3.0
deepseek14b,implicature,swmimp128,1,
deepseek14b,implicature,swmimp128,2,4.0
deepseek14b,implicature,swmimp128,3,1.0
deepseek14b,implicature,swmimp129,1,2.0
deepseek14b,implicature,swmimp129,2,
deepseek14b,implicature,swmimp129,3,2.0
deepseek14b,implicature,swmimp130,1,4.0
deepseek14b,implicature,swmimp130,2,1.0
deepseek14b,implicature,swmimp130,3,3.0
deepseek14b,implicature,swmimp131,1,3.0
deepseek14b,implicature,swmimp131,2,
deepseek14b,implicature,swmimp131,3,
deepseek14b,implicature,swmimp132,1,9.0
deepseek14b,implicature,swmimp132,2,1.0
deepseek14b,implicature,swmimp132,3,
deepseek14b,implicature,swmimp133,1,1.0
deepseek14b,implicature,swmimp133,2,3.0
deepseek14b,implicature,swmimp133,3,4.0
deepseek14b,implicature,swmimp134,1,5.0
deepseek14b,implicature,swmimp134,2,5.0
deepseek14b,implicature,swmimp134,3,
deepseek14b,implicature,swmimp135,1,2.0
deepseek14b,implicature,swmimp135,2,1.0
deepseek14b,implicature,swmimp135,3,
deepseek14b,implicature,swmimp136,1,2.0
deepseek14b,implicature,swmimp136,2,
deepseek14b,implicature,swmimp136,3,2.0
deepseek14b,implicature,swmimp137,1,
deepseek14b,implicature,swmimp137,2,
deepseek14b,implicature,swmimp137,3,
deepseek14b,implicature,swmimp138,1,3.0
deepseek14b,implicature,swmimp138,2,4.0
deepseek14b,implicature,swmimp138,3,5.0
deepseek14b,implicature,swmimp139,1,2.0
deepseek14b,implicature,swmimp139,2,
deepseek14b,implicature,swmimp139,3,7.0
deepseek14b,implicature,swmimp140,1,2.0
deepseek14b,implicature,swmimp140,2,3.0
deepseek14b,implicature,swmimp140,3,3.0
deepseek14b,implicature,swmimp141,1,2.0
deepseek14b,implicature,swmimp141,2,1.0
deepseek14b,implicature,swmimp141,3,1.0
deepseek14b,implicature,swmimp142,1,2.0
deepseek14b,implicature,swmimp142,2,
deepseek14b,implicature,swmimp142,3,
deepseek14b,implicature,swmimp143,1,1.0
deepseek14b,implicature,swmimp143,2,4.0
deepseek14b,implicature,swmimp143,3,1.0
deepseek14b,implicature,swmimp144,1,19.0
deepseek14b,implicature,swmimp144,2,2.0
deepseek14b,implicature,swmimp144,3,2.0
deepseek14b,implicature,swmimp145,1,2.0
deepseek14b,implicature,swmimp145,2,4.0
deepseek14b,implicature,swmimp145,3,1.0
deepseek14b,implicature,swmimp146,1,
deepseek14b,implicature,swmimp146,2,
deepseek14b,implicature,swmimp146,3,
deepseek14b,implicature,swmimp147,1,5.0
deepseek14b,implicature,swmimp147,2,1.0
deepseek14b,implicature,swmimp147,3,1.0
deepseek14b,implicature,swmimp148,1,1.0
deepseek14b,implicature,swmimp148,2,1.0
deepseek14b,implicature,swmimp148,3,8.0
deepseek14b,implicature,swmimp149,1,3.0
deepseek14b,implicature,swmimp149,2,
deepseek14b,implicature,swmimp149,3,
deepseek14b,implicature,swmimp150,1,5.0
deepseek14b,implicature,swmimp150,2,4.0
deepseek14b,implicature,swmimp150,3,4.0
deepseek14b,implicature,swmimp151,1,8.0
deepseek14b,implicature,swmimp151,2,1.0
deepseek14b,implicature,swmimp151,3,2.0
deepseek14b,implicature,swmimp152,1,4.0
deepseek14b,implicature,swmimp152,2,5.0
deepseek14b,implicature,swmimp152,3,4.0
deepseek14b,implicature,swmimp153,1,1.0
deepseek14b,implicature,swmimp153,2,1.0
deepseek14b,implicature,swmimp153,3,5.0
deepseek14b,implicature,swmimp154,1,5.0
deepseek14b,implicature,swmimp154,2,4.0
deepseek14b,implicature,swmimp154,3,4.0
deepseek14b,implicature,swmimp155,1,2.0
deepseek14b,implicature,swmimp155,2,1.0
deepseek14b,implicature,swmimp155,3,2.0
deepseek14b,implicature,swmimp156,1,1.0
deepseek14b,implicature,swmimp156,2,3.0
deepseek14b,implicature,swmimp156,3,1.0
deepseek14b,implicature,swmimp157,1,2.0
deepseek14b,implicature,swmimp157,2,2.0
deepseek14b,implicature,swmimp157,3,
deepseek14b,implicature,swmimp158,1,4.0
deepseek14b,implicature,swmimp158,2,2.0
deepseek14b,implicature,swmimp158,3,5.0
deepseek14b,implicature,swmimp159,1,2.0
deepseek14b,implicature,swmimp159,2,8.0
deepseek14b,implicature,swmimp159,3,
deepseek14b,implicature,swmimp160,1,3.0
deepseek14b,implicature,swmimp160,2,2.0
deepseek14b,implicature,swmimp160,3,1.0
deepseek14b,implicature,swmimp161,1,
deepseek14b,implicature,swmimp161,2,
deepseek14b,implicature,swmimp161,3,1.0
deepseek14b,implicature,swmimp162,1,1.0
deepseek14b,implicature,swmimp162,2,1.0
deepseek14b,implicature,swmimp162,3,1.0
deepseek14b,implicature,swmimp163,1,1.0
deepseek14b,implicature,swmimp163,2,1.0
deepseek14b,implicature,swmimp163,3,1.0
deepseek14b,implicature,swmimp164,1,1.0
deepseek14b,implicature,swmimp164,2,5.0
deepseek14b,implicature,swmimp164,3,1.0
deepseek14b,implicature,swmimp165,1,2.0
deepseek14b,implicature,swmimp165,2,1.0
deepseek14b,implicature,swmimp165,3,2.0
deepseek14b,implicature,swmimp166,1,3.0
deepseek14b,implicature,swmimp166,2,
deepseek14b,implicature,swmimp166,3,
deepseek14b,implicature,swmimp167,1,3.0
deepseek14b,implicature,swmimp167,2,5.0
deepseek14b,implicature,swmimp167,3,
deepseek14b,implicature,swmimp168,1,1.0
deepseek14b,implicature,swmimp168,2,6.0
deepseek14b,implicature,swmimp168,3,7.0
deepseek14b,implicature,swmimp169,1,7.0
deepseek14b,implicature,swmimp169,2,2.0
deepseek14b,implicature,swmimp169,3,2.0
deepseek14b,implicature,swmimp170,1,1.0
deepseek14b,implicature,swmimp170,2,
deepseek14b,implicature,swmimp170,3,4.0
deepseek14b,implicature,swmimp171,1,1.0
deepseek14b,implicature,swmimp171,2,1.0
deepseek14b,implicature,swmimp171,3,9.0
deepseek14b,implicature,swmimp172,1,
deepseek14b,implicature,swmimp172,2,1.0
deepseek14b,implicature,swmimp172,3,
deepseek14b,implicature,swmimp173,1,3.0
deepseek14b,implicature,swmimp173,2,
deepseek14b,implicature,swmimp173,3,3.0
deepseek14b,implicature,swmimp174,1,4.0
deepseek14b,implicature,swmimp174,2,1.0
deepseek14b,implicature,swmimp174,3,4.0
deepseek14b,implicature,swmimp175,1,1.0
deepseek14b,implicature,swmimp175,2,1.0
deepseek14b,implicature,swmimp175,3,2.0
deepseek14b,implicature,swmimp176,1,6.0
deepseek14b,implicature,swmimp176,2,6.0
deepseek14b,implicature,swmimp176,3,3.0
deepseek14b,implicature,swmimp177,1,3.0
deepseek14b,implicature,swmimp177,2,3.0
deepseek14b,implicature,swmimp177,3,2.0
deepseek14b,implicature,swmimp178,1,8.0
deepseek14b,implicature,swmimp178,2,7.0
deepseek14b,implicature,swmimp178,3,9.0
deepseek14b,implicature,swmimp179,1,7.0
deepseek14b,implicature,swmimp179,2,9.0
deepseek14b,implicature,swmimp179,3,3.0
deepseek14b,implicature,swmimp180,1,4.0
deepseek14b,implicature,swmimp180,2,4.0
deepseek14b,implicature,swmimp180,3,1.0
deepseek14b,implicature,swmimp181,1,5.0
deepseek14b,implicature,swmimp181,2,4.0
deepseek14b,implicature,swmimp181,3,8.0
deepseek14b,implicature,swmimp182,1,2.0
deepseek14b,implicature,swmimp182,2,2.0
deepseek14b,implicature,swmimp182,3,1.0
deepseek14b,implicature,swmimp183,1,4.0
deepseek14b,implicature,swmimp183,2,4.0
deepseek14b,implicature,swmimp183,3,
deepseek14b,implicature,swmimp184,1,3.0
deepseek14b,implicature,swmimp184,2,2.0
deepseek14b,implicature,swmimp184,3,2.0
deepseek14b,implicature,swmimp185,1,
deepseek14b,implicature,swmimp185,2,2.0
deepseek14b,implicature,swmimp185,3,3.0
deepseek14b,implicature,swmimp186,1,1.0
deepseek14b,implicature,swmimp186,2,2.0
deepseek14b,implicature,swmimp186,3,2.0
deepseek14b,implicature,swmimp187,1,1.0
deepseek14b,implicature,swmimp187,2,2.0
deepseek14b,implicature,swmimp187,3,2.0
deepseek14b,implicature,swmimp188,1,
deepseek14b,implicature,swmimp188,2,4.0
deepseek14b,implicature,swmimp188,3,1.0
deepseek14b,implicature,swmimp189,1,3.0
deepseek14b,implicature,swmimp189,2,2.0
deepseek14b,implicature,swmimp189,3,2.0
deepseek14b,implicature,swmimp190,1,3.0
deepseek14b,implicature,swmimp190,2,2.0
deepseek14b,implicature,swmimp190,3,
deepseek14b,implicature,swmimp191,1,1.0
deepseek14b,implicature,swmimp191,2,1.0
deepseek14b,implicature,swmimp191,3,1.0
deepseek14b,implicature,swmimp192,1,1.0
deepseek14b,implicature,swmimp192,2,3.0
deepseek14b,implicature,swmimp192,3,
deepseek14b,implicature,swmimp193,1,1.0
deepseek14b,implicature,swmimp193,2,1.0
deepseek14b,implicature,swmimp193,3,2.0
deepseek14b,implicature,swmimp194,1,1.0
deepseek14b,implicature,swmimp194,2,1.0
deepseek14b,implicature,swmimp194,3,3.0
deepseek14b,implicature,swmimp195,1,1.0
deepseek14b,implicature,swmimp195,2,1.0
deepseek14b,implicature,swmimp195,3,1.0
deepseek14b,implicature,swmimp196,1,
deepseek14b,implicature,swmimp196,2,
deepseek14b,implicature,swmimp196,3,
deepseek14b,implicature,swmimp197,1,1.0
deepseek14b,implicature,swmimp197,2,
deepseek14b,implicature,swmimp197,3,1.0
deepseek14b,implicature,swmimp198,1,1.0
deepseek14b,implicature,swmimp198,2,1.0
deepseek14b,implicature,swmimp198,3,1.0
deepseek14b,implicature,swmimp199,1,3.0
deepseek14b,implicature,swmimp199,2,3.0
deepseek14b,implicature,swmimp199,3,
deepseek14b,implicature,swmimp200,1,4.0
deepseek14b,implicature,swmimp200,2,2.0
deepseek14b,implicature,swmimp200,3,4.0
deepseek32b,false_belief,fb001,1,1.0
deepseek32b,false_belief,fb001,2,1.0
deepseek32b,false_belief,fb001,3,3.0
deepseek32b,false_belief,fb002,1,3.0
deepseek32b,false_belief,fb002,2,2.0
deepseek32b,false_belief,fb002,3,3.0
deepseek32b,false_belief,fb003,1,1.0
deepseek32b,false_belief,fb003,2,2.0
deepseek32b,false_belief,fb003,3,2.0
deepseek32b,false_belief,fb004,1,1.0
deepseek32b,false_belief,fb004,2,2.0
deepseek32b,false_belief,fb004,3,2.0
deepseek32b,false_belief,fb005,1,3.0
deepseek32b,false_belief,fb005,2,3.0
deepseek32b,false_belief,fb005,3,3.0
deepseek32b,false_belief,fb006,1,1.0
deepseek32b,false_belief,fb006,2,3.0
deepseek32b,false_belief,fb006,3,2.0
deepseek32b,false_belief,fb007,1,2.0
deepseek32b,false_belief,fb007,2,1.0
deepseek32b,false_belief,fb007,3,2.0
deepseek32b,false_belief,fb008,1,1.0
deepseek32b,false_belief,fb008,2,1.0
deepseek32b,false_belief,fb008,3,1.0
deepseek32b,false_belief,fb009,1,1.0
deepseek32b,false_belief,fb009,2,1.0
deepseek32b,false_belief,fb009,3,1.0
deepseek32b,false_belief,fb010,1,3.0
deepseek32b,false_belief,fb010,2,3.0
deepseek32b,false_belief,fb010,3,3.0
deepseek32b,false_belief,fb011,1,2.0
deepseek32b,false_belief,fb011,2,1.0
deepseek32b,false_belief,fb011,3,3.0
deepseek32b,false_belief,fb012,1,2.0
deepseek32b,false_belief,fb012,2,2.0
deepseek32b,false_belief,fb012,3,3.0
deepseek32b,false_belief,fb013,1,1.0
deepseek32b,false_belief,fb013,2,2.0
deepseek32b,false_belief,fb013,3,2.0
deepseek32b,false_belief,fb014,1,1.0
deepseek32b,false_belief,fb014,2,1.0
deepseek32b,false_belief,fb014,3,1.0
deepseek32b,false_belief,fb015,1,1.0
deepseek32b,false_belief,fb015,2,1.0
deepseek32b,false_belief,fb015,3,1.0
deepseek32b,false_belief,fb016,1,1.0
deepseek32b,false_belief,fb016,2,1.0
deepseek32b,false_belief,fb016,3,1.0
deepseek32b,false_belief,fb017,1,1.0
deepseek32b,false_belief,fb017,2,1.0
deepseek32b,false_belief,fb017,3,1.0
deepseek32b,false_belief,fb018,1,2.0
deepseek32b,false_belief,fb018,2,3.0
deepseek32b,false_belief,fb018,3,2.0
deepseek32b,false_belief,fb019,1,1.0
deepseek32b,false_belief,fb019,2,2.0
deepseek32b,false_belief,fb019,3,1.0
deepseek32b,false_belief,fb020,1,3.0
deepseek32b,false_belief,fb020,2,3.0
deepseek32b,false_belief,fb020,3,3.0
deepseek32b,false_belief,fb021,1,3.0
deepseek32b,false_belief,fb021,2,3.0
deepseek32b,false_belief,fb021,3,2.0
deepseek32b,false_belief,fb022,1,3.0
deepseek32b,false_belief,fb022,2,3.0
deepseek32b,false_belief,fb022,3,3.0
deepseek32b,false_belief,fb023,1,2.0
deepseek32b,false_belief,fb023,2,3.0
deepseek32b,false_belief,fb023,3,1.0
deepseek32b,false_belief,fb024,1,1.0
deepseek32b,false_belief,fb024,2,1.0
deepseek32b,false_belief,fb024,3,1.0
deepseek32b,false_belief,fb025,1,3.0
deepseek32b,false_belief,fb025,2,1.0
deepseek32b,false_belief,fb025,3,3.0
deepseek32b,false_belief,fb026,1,1.0
deepseek32b,false_belief,fb026,2,1.0
deepseek32b,false_belief,fb026,3,2.0
deepseek32b,false_belief,fb027,1,2.0
deepseek32b,false_belief,fb027,2,3.0
deepseek32b,false_belief,fb027,3,3.0
deepseek32b,false_belief,fb028,1,2.0
deepseek32b,false_belief,fb028,2,2.0
deepseek32b,false_belief,fb028,3,3.0
deepseek32b,false_belief,fb029,1,1.0
deepseek32b,false_belief,fb029,2,1.0
deepseek32b,false_belief,fb029,3,1.0
deepseek32b,false_belief,fb030,1,1.0
deepseek32b,false_belief,fb030,2,1.0
deepseek32b,false_belief,fb030,3,1.0
deepseek32b,false_belief,fb031,1,2.0
deepseek32b,false_belief,fb031,2,2.0
deepseek32b,false_belief,fb031,3,2.0
deepseek32b,false_belief,fb032,1,1.0
deepseek32b,false_belief,fb032,2,1.0
deepseek32b,false_belief,fb032,3,1.0
deepseek32b,false_belief,fb033,1,3.0
deepseek32b,false_belief,fb033,2,3.0
deepseek32b,false_belief,fb033,3,3.0
deepseek32b,false_belief,fb034,1,1.0
deepseek32b,false_belief,fb034,2,2.0
deepseek32b,false_belief,fb034,3,2.0
deepseek32b,false_belief,fb035,1,2.0
deepseek32b,false_belief,fb035,2,1.0
deepseek32b,false_belief,fb035,3,1.0
deepseek32b,false_belief,fb036,1,3.0
deepseek32b,false_belief,fb036,2,1.0
deepseek32b,false_belief,fb036,3,2.0
deepseek32b,false_belief,fb037,1,3.0
deepseek32b,false_belief,fb037,2,1.0
deepseek32b,false_belief,fb037,3,3.0
deepseek32b,false_belief,fb038,1,4.0
deepseek32b,false_belief,fb038,2,3.0
deepseek32b,false_belief,fb038,3,3.0
deepseek32b,false_belief,fb039,1,2.0
deepseek32b,false_belief,fb039,2,1.0
deepseek32b,false_belief,fb039,3,2.0
deepseek32b,false_belief,fb040,1,3.0
deepseek32b,false_belief,fb040,2,3.0
deepseek32b,false_belief,fb040,3,2.0
deepseek32b,false_belief,fb041,1,2.0
deepseek32b,false_belief,fb041,2,1.0
deepseek32b,false_belief,fb041,3,1.0
deepseek32b,false_belief,fb042,1,3.0
deepseek32b,false_belief,fb042,2,3.0
deepseek32b,false_belief,fb042,3,2.0
deepseek32b,false_belief,fb043,1,3.0
deepseek32b,false_belief,fb043,2,2.0
deepseek32b,false_belief,fb043,3,3.0
deepseek32b,false_belief,fb044,1,2.0
deepseek32b,false_belief,fb044,2,3.0
deepseek32b,false_belief,fb044,3,1.0
deepseek32b,false_belief,fb045,1,3.0
deepseek32b,false_belief,fb045,2,3.0
deepseek32b,false_belief,fb045,3,3.0
deepseek32b,false_belief,fb046,1,1.0
deepseek32b,false_belief,fb046,2,1.0
deepseek32b,false_belief,fb046,3,2.0
deepseek32b,false_belief,fb047,1,1.0
deepseek32b,false_belief,fb047,2,3.0
deepseek32b,false_belief,fb047,3,3.0
deepseek32b,false_belief,fb048,1,1.0
deepseek32b,false_belief,fb048,2,3.0
deepseek32b,false_belief,fb048,3,3.0
deepseek32b,false_belief,fb049,1,1.0
deepseek32b,false_belief,fb049,2,1.0
deepseek32b,false_belief,fb049,3,1.0
deepseek32b,false_belief,fb050,1,3.0
deepseek32b,false_belief,fb050,2,1.0
deepseek32b,false_belief,fb050,3,2.0
deepseek32b,false_belief,fb051,1,1.0
deepseek32b,false_belief,fb051,2,2.0
deepseek32b,false_belief,fb051,3,3.0
deepseek32b,false_belief,fb052,1,1.0
deepseek32b,false_belief,fb052,2,2.0
deepseek32b,false_belief,fb052,3,1.0
deepseek32b,false_belief,fb053,1,1.0
deepseek32b,false_belief,fb053,2,1.0
deepseek32b,false_belief,fb053,3,1.0
deepseek32b,false_belief,fb054,1,3.0
deepseek32b,false_belief,fb054,2,1.0
deepseek32b,false_belief,fb054,3,2.0
deepseek32b,false_belief,fb055,1,2.0
deepseek32b,false_belief,fb055,2,3.0
deepseek32b,false_belief,fb055,3,3.0
deepseek32b,false_belief,fb056,1,2.0
deepseek32b,false_belief,fb056,2,1.0
deepseek32b,false_belief,fb056,3,1.0
deepseek32b,false_belief,fb057,1,3.0
deepseek32b,false_belief,fb057,2,3.0
deepseek32b,false_belief,fb057,3,3.0
deepseek32b,false_belief,fb058,1,2.0
deepseek32b,false_belief,fb058,2,1.0
deepseek32b,false_belief,fb058,3,2.0
deepseek32b,false_belief,fb059,1,1.0
deepseek32b,false_belief,fb059,2,1.0
deepseek32b,false_belief,fb059,3,1.0
deepseek32b,false_belief,fb060,1,3.0
deepseek32b,false_belief,fb060,2,2.0
deepseek32b,false_belief,fb060,3,3.0
deepseek32b,false_belief,sfp011,1,
deepseek32b,false_belief,sfp011,2,2.0
deepseek32b,false_belief,sfp011,3,
deepseek32b,false_belief,sfp012,1,1.0
deepseek32b,false_belief,sfp012,2,1.0
deepseek32b,false_belief,sfp012,3,1.0
deepseek32b,false_belief,sfp013,1,1.0
deepseek32b,false_belief,sfp013,2,1.0
deepseek32b,false_belief,sfp013,3,1.0
deepseek32b,false_belief,sfp014,1,3.0
deepseek32b,false_belief,sfp014,2,3.0
deepseek32b,false_belief,sfp014,3,2.0
deepseek32b,false_belief,sfp015,1,1.0
deepseek32b,false_belief,sfp015,2,1.0
deepseek32b,false_belief,sfp015,3,1.0
deepseek32b,false_belief,sfp016,1,1.0
deepseek32b,false_belief,sfp016,2,1.0
deepseek32b,false_belief,sfp016,3,1.0
deepseek32b,false_belief,sfp017,1,1.0
deepseek32b,false_belief,sfp017,2,2.0
deepseek32b,false_belief,sfp017,3,1.0
deepseek32b,false_belief,sfp018,1,2.0
deepseek32b,false_belief,sfp018,2,2.0
deepseek32b,false_belief,sfp018,3,1.0
deepseek32b,false_belief,sfp019,1,4.0
deepseek32b,false_belief,sfp019,2,5.0
deepseek32b,false_belief,sfp019,3,2.0
deepseek32b,false_belief,sfp020,1,2.0
deepseek32b,false_belief,sfp020,2,1.0
deepseek32b,false_belief,sfp020,3,1.0
deepseek32b,faux_pas,sfp001,1,1.0
deepseek32b,faux_pas,sfp001,2,1.0
deepseek32b,faux_pas,sfp001,3,2.0
deepseek32b,faux_pas,sfp002,1,5.0
deepseek32b,faux_pas,sfp002,2,3.0
deepseek32b,faux_pas,sfp002,3,5.0
deepseek32b,faux_pas,sfp003,1,5.0
deepseek32b,faux_pas,sfp003,2,5.0
deepseek32b,faux_pas,sfp003,3,5.0
deepseek32b,faux_pas,sfp004,1,4.0
deepseek32b,faux_pas,sfp004,2,4.0
deepseek32b,faux_pas,sfp004,3,4.0
deepseek32b,faux_pas,sfp005,1,3.0
deepseek32b,faux_pas,sfp005,2,3.0
deepseek32b,faux_pas,sfp005,3,2.0
deepseek32b,faux_pas,sfp006,1,2.0
deepseek32b,faux_pas,sfp006,2,2.0
deepseek32b,faux_pas,sfp006,3,1.0
deepseek32b,faux_pas,sfp007,1,2.0
deepseek32b,faux_pas,sfp007,2,4.0
deepseek32b,faux_pas,sfp007,3,4.0
deepseek32b,faux_pas,sfp008,1,5.0
deepseek32b,faux_pas,sfp008,2,5.0
deepseek32b,faux_pas,sfp008,3,5.0
deepseek32b,faux_pas,sfp009,1,1.0
deepseek32b,faux_pas,sfp009,2,2.0
deepseek32b,faux_pas,sfp009,3,3.0
deepseek32b,faux_pas,sfp010,1,3.0
deepseek32b,faux_pas,sfp010,2,3.0
deepseek32b,faux_pas,sfp010,3,3.0
deepseek32b,implicature,swmimp001,1,2.0
deepseek32b,implicature,swmimp001,2,1.0
deepseek32b,implicature,swmimp001,3,2.0
deepseek32b,implicature,swmimp002,1,3.0
deepseek32b,implicature,swmimp002,2,
deepseek32b,implicature,swmimp002,3,1.0
deepseek32b,implicature,swmimp003,1,
deepseek32b,implicature,swmimp003,2,
deepseek32b,implicature,swmimp003,3,
deepseek32b,implicature,swmimp004,1,3.0
deepseek32b,implicature,swmimp004,2,
deepseek32b,implicature,swmimp004,3,4.0
deepseek32b,implicature,swmimp005,1,1.0
deepseek32b,implicature,swmimp005,2,1.0
deepseek32b,implicature,swmimp005,3,1.0
deepseek32b,implicature,swmimp006,1,1.0
deepseek32b,implicature,swmimp006,2,2.0
deepseek32b,implicature,swmimp006,3,3.0
deepseek32b,implicature,swmimp007,1,
deepseek32b,implicature,swmimp007,2,3.0
deepseek32b,implicature,swmimp007,3,
deepseek32b,implicature,swmimp008,1,1.0
deepseek32b,implicature,swmimp008,2,1.0
deepseek32b,implicature,swmimp008,3,1.0
deepseek32b,implicature,swmimp009,1,1.0
deepseek32b,implicature,swmimp009,2,1.0
deepseek32b,implicature,swmimp009,3,4.0
deepseek32b,implicature,swmimp010,1,4.0
deepseek32b,implicature,swmimp010,2,
deepseek32b,implicature,swmimp010,3,
deepseek32b,implicature,swmimp011,1,3.0
deepseek32b,implicature,swmimp011,2,
deepseek32b,implicature,swmimp011,3,5.0
deepseek32b,implicature,swmimp012,1,1.0
deepseek32b,implicature,swmimp012,2,1.0
deepseek32b,implicature,swmimp012,3,1.0
deepseek32b,implicature,swmimp013,1,1.0
deepseek32b,implicature,swmimp013,2,1.0
deepseek32b,implicature,swmimp013,3,2.0
deepseek32b,implicature,swmimp014,1,3.0
deepseek32b,implicature,swmimp014,2,2.0
deepseek32b,implicature,swmimp014,3,
deepseek32b,implicature,swmimp015,1,1.0
deepseek32b,implicature,swmimp015,2,1.0
deepseek32b,implicature,swmimp015,3,1.0
deepseek32b,implicature,swmimp016,1,1.0
deepseek32b,implicature,swmimp016,2,1.0
deepseek32b,implicature,swmimp016,3,1.0
deepseek32b,implicature,swmimp017,1,1.0
deepseek32b,implicature,swmimp017,2,1.0
deepseek32b,implicature,swmimp017,3,2.0
deepseek32b,implicature,swmimp018,1,1.0
deepseek32b,implicature,swmimp018,2,
deepseek32b,implicature,swmimp018,3,1.0
deepseek32b,implicature,swmimp019,1,1.0
deepseek32b,implicature,swmimp019,2,1.0
deepseek32b,implicature,swmimp019,3,1.0
deepseek32b,implicature,swmimp020,1,4.0
deepseek32b,implicature,swmimp020,2,1.0
deepseek32b,implicature,swmimp020,3,2.0
deepseek32b,implicature,swmimp021,1,2.0
deepseek32b,implicature,swmimp021,2,2.0
deepseek32b,implicature,swmimp021,3,1.0
deepseek32b,implicature,swmimp022,1,
deepseek32b,implicature,swmimp022,2,4.0
deepseek32b,implicature,swmimp022,3,4.0
deepseek32b,implicature,swmimp023,1,1.0
deepseek32b,implicature,swmimp023,2,1.0
deepseek32b,implicature,swmimp023,3,3.0
deepseek32b,implicature,swmimp024,1,
deepseek32b,implicature,swmimp024,2,
deepseek32b,implicature,swmimp024,3,
deepseek32b,implicature,swmimp025,1,2.0
deepseek32b,implicature,swmimp025,2,1.0
deepseek32b,implicature,swmimp025,3,1.0
deepseek32b,implicature,swmimp026,1,
deepseek32b,implicature,swmimp026,2,
deepseek32b,implicature,swmimp026,3,
deepseek32b,implicature,swmimp027,1,1.0
deepseek32b,implicature,swmimp027,2,
deepseek32b,implicature,swmimp027,3,
deepseek32b,implicature,swmimp028,1,1.0
deepseek32b,implicature,swmimp028,2,1.0
deepseek32b,implicature,swmimp028,3,1.0
deepseek32b,implicature,swmimp029,1,1.0
deepseek32b,implicature,swmimp029,2,1.0
deepseek32b,implicature,swmimp029,3,
deepseek32b,implicature,swmimp030,1,2.0
deepseek32b,implicature,swmimp030,2,2.0
deepseek32b,implicature,swmimp030,3,2.0
deepseek32b,implicature,swmimp031,1,7.0
deepseek32b,implicature,swmimp031,2,8.0
deepseek32b,implicature,swmimp031,3,7.0
deepseek32b,implicature,swmimp032,1,3.0
deepseek32b,implicature,swmimp032,2,2.0
deepseek32b,implicature,swmimp032,3,1.0
deepseek32b,implicature,swmimp033,1,
deepseek32b,implicature,swmimp033,2,
deepseek32b,implicature,swmimp033,3,
deepseek32b,implicature,swmimp034,1,1.0
deepseek32b,implicature,swmimp034,2,1.0
deepseek32b,implicature,swmimp034,3,2.0
deepseek32b,implicature,swmimp035,1,
deepseek32b,implicature,swmimp035,2,1.0
deepseek32b,implicature,swmimp035,3,
deepseek32b,implicature,swmimp036,1,4.0
deepseek32b,implicature,swmimp036,2,1.0
deepseek32b,implicature,swmimp036,3,
deepseek32b,implicature,swmimp037,1,3.0
deepseek32b,implicature,swmimp037,2,4.0
deepseek32b,implicature,swmimp037,3,4.0
deepseek32b,implicature,swmimp038,1,
deepseek32b,implicature,swmimp038,2,5.0
deepseek32b,implicature,swmimp038,3,7.0
deepseek32b,implicature,swmimp039,1,4.0
deepseek32b,implicature,swmimp039,2,5.0
deepseek32b,implicature,swmimp039,3,
deepseek32b,implicature,swmimp040,1,2.0
deepseek32b,implicature,swmimp040,2,2.0
deepseek32b,implicature,swmimp040,3,2.0
deepseek32b,implicature,swmimp041,1,3.0
deepseek32b,implicature,swmimp041,2,1.0
deepseek32b,implicature,swmimp041,3,1.0
deepseek32b,implicature,swmimp042,1,2.0
deepseek32b,implicature,swmimp042,2,2.0
deepseek32b,implicature,swmimp042,3,3.0
deepseek32b,implicature,swmimp043,1,2.0
deepseek32b,implicature,swmimp043,2,2.0
deepseek32b,implicature,swmimp043,3,2.0
deepseek32b,implicature,swmimp044,1,4.0
deepseek32b,implicature,swmimp044,2,5.0
deepseek32b,implicature,swmimp044,3,5.0
deepseek32b,implicature,swmimp045,1,2.0
deepseek32b,implicature,swmimp045,2,1.0
deepseek32b,implicature,swmimp045,3,2.0
deepseek32b,implicature,swmimp046,1,2.0
deepseek32b,implicature,swmimp046,2,2.0
deepseek32b,implicature,swmimp046,3,3.0
deepseek32b,implicature,swmimp047,1,1.0
deepseek32b,implicature,swmimp047,2,1.0
deepseek32b,implicature,swmimp047,3,1.0
deepseek32b,implicature,swmimp048,1,1.0
deepseek32b,implicature,swmimp048,2,1.0
deepseek32b,implicature,swmimp048,3,1.0
deepseek32b,implicature,swmimp049,1,2.0
deepseek32b,implicature,swmimp049,2,4.0
deepseek32b,implicature,swmimp049,3,2.0
deepseek32b,implicature,swmimp050,1,4.0
deepseek32b,implicature,swmimp050,2,3.0
deepseek32b,implicature,swmimp050,3,1.0
deepseek32b,implicature,swmimp051,1,1.0
deepseek32b,implicature,swmimp051,2,1.0
deepseek32b,implicature,swmimp051,3,1.0
deepseek32b,implicature,swmimp052,1,1.0
deepseek32b,implicature,swmimp052,2,1.0
deepseek32b,implicature,swmimp052,3,3.0
deepseek32b,implicature,swmimp053,1,1.0
deepseek32b,implicature,swmimp053,2,4.0
deepseek32b,implicature,swmimp053,3,6.0
deepseek32b,implicature,swmimp054,1,1.0
deepseek32b,implicature,swmimp054,2,2.0
deepseek32b,implicature,swmimp054,3,
deepseek32b,implicature,swmimp055,1,5.0
deepseek32b,implicature,swmimp055,2,
deepseek32b,implicature,swmimp055,3,1.0
deepseek32b,implicature,swmimp056,1,1.0
deepseek32b,implicature,swmimp056,2,2.0
deepseek32b,implicature,swmimp056,3,1.0
deepseek32b,implicature,swmimp057,1,3.0
deepseek32b,implicature,swmimp057,2,3.0
deepseek32b,implicature,swmimp057,3,2.0
deepseek32b,implicature,swmimp058,1,1.0
deepseek32b,implicature,swmimp058,2,1.0
deepseek32b,implicature,swmimp058,3,1.0
deepseek32b,implicature,swmimp059,1,1.0
deepseek32b,implicature,swmimp059,2,1.0
deepseek32b,implicature,swmimp059,3,1.0
deepseek32b,implicature,swmimp060,1,1.0
deepseek32b,implicature,swmimp060,2,1.0
deepseek32b,implicature,swmimp060,3,1.0
deepseek32b,implicature,swmimp061,1,2.0
deepseek32b,implicature,swmimp061,2,1.0
deepseek32b,implicature,swmimp061,3,
deepseek32b,implicature,swmimp062,1,2.0
deepseek32b,implicature,swmimp062,2,1.0
deepseek32b,implicature,swmimp062,3,2.0
deepseek32b,implicature,swmimp063,1,
deepseek32b,implicature,swmimp063,2,3.0
deepseek32b,implicature,swmimp063,3,4.0
deepseek32b,implicature,swmimp064,1,1.0
deepseek32b,implicature,swmimp064,2,3.0
deepseek32b,implicature,swmimp064,3,1.0
deepseek32b,implicature,swmimp065,1,1.0
deepseek32b,implicature,swmimp065,2,2.0
deepseek32b,implicature,swmimp065,3,1.0
deepseek32b,implicature,swmimp066,1,3.0
deepseek32b,implicature,swmimp066,2,2.0
deepseek32b,implicature,swmimp066,3,1.0
deepseek32b,implicature,swmimp067,1,1.0
deepseek32b,implicature,swmimp067,2,1.0
deepseek32b,implicature,swmimp067,3,2.0
deepseek32b,implicature,swmimp068,1,1.0
deepseek32b,implicature,swmimp068,2,1.0
deepseek32b,implicature,swmimp068,3,1.0
deepseek32b,implicature,swmimp069,1,2.0
deepseek32b,implicature,swmimp069,2,2.0
deepseek32b,implicature,swmimp069,3,3.0
deepseek32b,implicature,swmimp070,1,1.0
deepseek32b,implicature,swmimp070,2,4.0
deepseek32b,implicature,swmimp070,3,4.0
deepseek32b,implicature,swmimp071,1,1.0
deepseek32b,implicature,swmimp071,2,2.0
deepseek32b,implicature,swmimp071,3,4.0
deepseek32b,implicature,swmimp072,1,1.0
deepseek32b,implicature,swmimp072,2,1.0
deepseek32b,implicature,swmimp072,3,4.0
deepseek32b,implicature,swmimp073,1,1.0
deepseek32b,implicature,swmimp073,2,1.0
deepseek32b,implicature,swmimp073,3,3.0
deepseek32b,implicature,swmimp074,1,1.0
deepseek32b,implicature,swmimp074,2,5.0
deepseek32b,implicature,swmimp074,3,1.0
deepseek32b,implicature,swmimp075,1,
deepseek32b,implicature,swmimp075,2,
deepseek32b,implicature,swmimp075,3,
deepseek32b,implicature,swmimp076,1,1.0
deepseek32b,implicature,swmimp076,2,1.0
deepseek32b,implicature,swmimp076,3,1.0
deepseek32b,implicature,swmimp077,1,1.0
deepseek32b,implicature,swmimp077,2,1.0
deepseek32b,implicature,swmimp077,3,2.0
deepseek32b,implicature,swmimp078,1,1.0
deepseek32b,implicature,swmimp078,2,1.0
deepseek32b,implicature,swmimp078,3,1.0
deepseek32b,implicature,swmimp079,1,2.0
deepseek32b,implicature,swmimp079,2,6.0
deepseek32b,implicature,swmimp079,3,6.0
deepseek32b,implicature,swmimp080,1,2.0
deepseek32b,implicature,swmimp080,2,2.0
deepseek32b,implicature,swmimp080,3,3.0
deepseek32b,implicature,swmimp081,1,1.0
deepseek32b,implicature,swmimp081,2,4.0
deepseek32b,implicature,swmimp081,3,4.0
deepseek32b,implicature,swmimp082,1,4.0
deepseek32b,implicature,swmimp082,2,4.0
deepseek32b,implicature,swmimp082,3,2.0
deepseek32b,implicature,swmimp083,1,1.0
deepseek32b,implicature,swmimp083,2,2.0
deepseek32b,implicature,swmimp083,3,2.0
deepseek32b,implicature,swmimp084,1,1.0
deepseek32b,implicature,swmimp084,2,3.0
deepseek32b,implicature,swmimp084,3,1.0
deepseek32b,implicature,swmimp085,1,4.0
deepseek32b,implicature,swmimp085,2,1.0
deepseek32b,implicature,swmimp085,3,3.0
deepseek32b,implicature,swmimp086,1,
deepseek32b,implicature,swmimp086,2,1.0
deepseek32b,implicature,swmimp086,3,1.0
deepseek32b,implicature,swmimp087,1,1.0
deepseek32b,implicature,swmimp087,2,1.0
deepseek32b,implicature,swmimp087,3,2.0
deepseek32b,implicature,swmimp088,1,4.0
deepseek32b,implicature,swmimp088,2,4.0
deepseek32b,implicature,swmimp088,3,4.0
deepseek32b,implicature,swmimp089,1,2.0
deepseek32b,implicature,swmimp089,2,
deepseek32b,implicature,swmimp089,3,4.0
deepseek32b,implicature,swmimp090,1,2.0
deepseek32b,implicature,swmimp090,2,1.0
deepseek32b,implicature,swmimp090,3,1.0
deepseek32b,implicature,swmimp091,1,2.0
deepseek32b,implicature,swmimp091,2,1.0
deepseek32b,implicature,swmimp091,3,2.0
deepseek32b,implicature,swmimp092,1,2.0
deepseek32b,implicature,swmimp092,2,1.0
deepseek32b,implicature,swmimp092,3,4.0
deepseek32b,implicature,swmimp093,1,4.0
deepseek32b,implicature,swmimp093,2,4.0
deepseek32b,implicature,swmimp093,3,4.0
deepseek32b,implicature,swmimp094,1,2.0
deepseek32b,implicature,swmimp094,2,
deepseek32b,implicature,swmimp094,3,2.0
deepseek32b,implicature,swmimp095,1,1.0
deepseek32b,implicature,swmimp095,2,1.0
deepseek32b,implicature,swmimp095,3,1.0
deepseek32b,implicature,swmimp096,1,1.0
deepseek32b,implicature,swmimp096,2,3.0
deepseek32b,implicature,swmimp096,3,6.0
deepseek32b,implicature,swmimp097,1,1.0
deepseek32b,implicature,swmimp097,2,1.0
deepseek32b,implicature,swmimp097,3,1.0
deepseek32b,implicature,swmimp098,1,5.0
deepseek32b,implicature,swmimp098,2,1.0
deepseek32b,implicature,swmimp098,3,4.0
deepseek32b,implicature,swmimp099,1,1.0
deepseek32b,implicature,swmimp099,2,4.0
deepseek32b,implicature,swmimp099,3,3.0
deepseek32b,implicature,swmimp100,1,2.0
deepseek32b,implicature,swmimp100,2,3.0
deepseek32b,implicature,swmimp100,3,3.0
deepseek32b,implicature,swmimp101,1,1.0
deepseek32b,implicature,swmimp101,2,6.0
deepseek32b,implicature,swmimp101,3,4.0
deepseek32b,implicature,swmimp102,1,3.0
deepseek32b,implicature,swmimp102,2,12.0
deepseek32b,implicature,swmimp102,3,4.0
deepseek32b,implicature,swmimp103,1,1.0
deepseek32b,implicature,swmimp103,2,
deepseek32b,implicature,swmimp103,3,1.0
deepseek32b,implicature,swmimp104,1,1.0
deepseek32b,implicature,swmimp104,2,1.0
deepseek32b,implicature,swmimp104,3,3.0
deepseek32b,implicature,swmimp105,1,
deepseek32b,implicature,swmimp105,2,1.0
deepseek32b,implicature,swmimp105,3,
deepseek32b,implicature,swmimp106,1,
deepseek32b,implicature,swmimp106,2,1.0
deepseek32b,implicature,swmimp106,3,1.0
deepseek32b,implicature,swmimp107,1,
deepseek32b,implicature,swmimp107,2,
deepseek32b,implicature,swmimp107,3,
deepseek32b,implicature,swmimp108,1,
deepseek32b,implicature,swmimp108,2,
deepseek32b,implicature,swmimp108,3,
deepseek32b,implicature,swmimp109,1,
deepseek32b,implicature,swmimp109,2,
deepseek32b,implicature,swmimp109,3,
deepseek32b,implicature,swmimp110,1,2.0
deepseek32b,implicature,swmimp110,2,3.0
deepseek32b,implicature,swmimp110,3,2.0
deepseek32b,implicature,swmimp111,1,1.0
deepseek32b,implicature,swmimp111,2,4.0
deepseek32b,implicature,swmimp111,3,1.0
deepseek32b,implicature,swmimp112,1,1.0
deepseek32b,implicature,swmimp112,2,1.0
deepseek32b,implicature,swmimp112,3,4.0
deepseek32b,implicature,swmimp113,1,3.0
deepseek32b,implicature,swmimp113,2,
deepseek32b,implicature,swmimp113,3,4.0
deepseek32b,implicature,swmimp114,1,1.0
deepseek32b,implicature,swmimp114,2,2.0
deepseek32b,implicature,swmimp114,3,1.0
deepseek32b,implicature,swmimp115,1,1.0
deepseek32b,implicature,swmimp115,2,
deepseek32b,implicature,swmimp115,3,1.0
deepseek32b,implicature,swmimp116,1,1.0
deepseek32b,implicature,swmimp116,2,2.0
deepseek32b,implicature,swmimp116,3,1.0
deepseek32b,implicature,swmimp117,1,5.0
deepseek32b,implicature,swmimp117,2,1.0
deepseek32b,implicature,swmimp117,3,2.0
deepseek32b,implicature,swmimp118,1,3.0
deepseek32b,implicature,swmimp118,2,1.0
deepseek32b,implicature,swmimp118,3,2.0
deepseek32b,implicature,swmimp119,1,1.0
deepseek32b,implicature,swmimp119,2,1.0
deepseek32b,implicature,swmimp119,3,1.0
deepseek32b,implicature,swmimp120,1,1.0
deepseek32b,implicature,swmimp120,2,1.0
deepseek32b,implicature,swmimp120,3,1.0
deepseek32b,implicature,swmimp121,1,1.0
deepseek32b,implicature,swmimp121,2,1.0
deepseek32b,implicature,swmimp121,3,
deepseek32b,implicature,swmimp122,1,1.0
deepseek32b,implicature,swmimp122,2,2.0
deepseek32b,implicature,swmimp122,3,2.0
deepseek32b,implicature,swmimp123,1,4.0
deepseek32b,implicature,swmimp123,2,7.0
deepseek32b,implicature,swmimp123,3,1.0
deepseek32b,implicature,swmimp124,1,10.0
deepseek32b,implicature,swmimp124,2,1.0
deepseek32b,implicature,swmimp124,3,8.0
deepseek32b,implicature,swmimp125,1,5.0
deepseek32b,implicature,swmimp125,2,1.0
deepseek32b,implicature,swmimp125,3,1.0
deepseek32b,implicature,swmimp126,1,1.0
deepseek32b,implicature,swmimp126,2,1.0
deepseek32b,implicature,swmimp126,3,1.0
deepseek32b,implicature,swmimp127,1,6.0
deepseek32b,implicature,swmimp127,2,3.0
deepseek32b,implicature,swmimp127,3,5.0
deepseek32b,implicature,swmimp128,1,13.0
deepseek32b,implicature,swmimp128,2,7.0
deepseek32b,implicature,swmimp128,3,4.0
deepseek32b,implicature,swmimp129,1,4.0
deepseek32b,implicature,swmimp129,2,11.0
deepseek32b,implicature,swmimp129,3,11.0
deepseek32b,implicature,swmimp130,1,1.0
deepseek32b,implicature,swmimp130,2,1.0
deepseek32b,implicature,swmimp130,3,1.0
deepseek32b,implicature,swmimp131,1,1.0
deepseek32b,implicature,swmimp131,2,1.0
deepseek32b,implicature,swmimp131,3,1.0
deepseek32b,implicature,swmimp132,1,2.0
deepseek32b,implicature,swmimp132,2,2.0
deepseek32b,implicature,swmimp132,3,1.0
deepseek32b,implicature,swmimp133,1,2.0
deepseek32b,implicature,swmimp133,2,3.0
deepseek32b,implicature,swmimp133,3,3.0
deepseek32b,implicature,swmimp134,1,2.0
deepseek32b,implicature,swmimp134,2,6.0
deepseek32b,implicature,swmimp134,3,6.0
deepseek32b,implicature,swmimp135,1,8.0
deepseek32b,implicature,swmimp135,2,1.0
deepseek32b,implicature,swmimp135,3,2.0
deepseek32b,implicature,swmimp136,1,3.0
deepseek32b,implicature,swmimp136,2,5.0
deepseek32b,implicature,swmimp136,3,1.0
deepseek32b,implicature,swmimp137,1,
deepseek32b,implicature,swmimp137,2,3.0
deepseek32b,implicature,swmimp137,3,3.0
deepseek32b,implicature,swmimp138,1,1.0
deepseek32b,implicature,swmimp138,2,1.0
deepseek32b,implicature,swmimp138,3,4.0
deepseek32b,implicature,swmimp139,1,5.0
deepseek32b,implicature,swmimp139,2,5.0
deepseek32b,implicature,swmimp139,3,4.0
deepseek32b,implicature,swmimp140,1,3.0
deepseek32b,implicature,swmimp140,2,1.0
deepseek32b,implicature,swmimp140,3,1.0
deepseek32b,implicature,swmimp141,1,1.0
deepseek32b,implicature,swmimp141,2,1.0
deepseek32b,implicature,swmimp141,3,1.0
deepseek32b,implicature,swmimp142,1,4.0
deepseek32b,implicature,swmimp142,2,7.0
deepseek32b,implicature,swmimp142,3,1.0
deepseek32b,implicature,swmimp143,1,10.0
deepseek32b,implicature,swmimp143,2,14.0
deepseek32b,implicature,swmimp143,3,6.0
deepseek32b,implicature,swmimp144,1,1.0
deepseek32b,implicature,swmimp144,2,3.0
deepseek32b,implicature,swmimp144,3,1.0
deepseek32b,implicature,swmimp145,1,1.0
deepseek32b,implicature,swmimp145,2,2.0
deepseek32b,implicature,swmimp145,3,2.0
deepseek32b,implicature,swmimp146,1,
deepseek32b,implicature,swmimp146,2,
deepseek32b,implicature,swmimp146,3,
deepseek32b,implicature,swmimp147,1,2.0
deepseek32b,implicature,swmimp147,2,3.0
deepseek32b,implicature,swmimp147,3,1.0
deepseek32b,implicature,swmimp148,1,6.0
deepseek32b,implicature,swmimp148,2,4.0
deepseek32b,implicature,swmimp148,3,1.0
deepseek32b,implicature,swmimp149,1,
deepseek32b,implicature,swmimp149,2,
deepseek32b,implicature,swmimp149,3,
deepseek32b,implicature,swmimp150,1,
deepseek32b,implicature,swmimp150,2,2.0
deepseek32b,implicature,swmimp150,3,1.0
deepseek32b,implicature,swmimp151,1,1.0
deepseek32b,implicature,swmimp151,2,1.0
deepseek32b,implicature,swmimp151,3,3.0
deepseek32b,implicature,swmimp152,1,6.0
deepseek32b,implicature,swmimp152,2,4.0
deepseek32b,implicature,swmimp152,3,5.0
deepseek32b,implicature,swmimp153,1,1.0
deepseek32b,implicature,swmimp153,2,2.0
deepseek32b,implicature,swmimp153,3,2.0
deepseek32b,implicature,swmimp154,1,3.0
deepseek32b,implicature,swmimp154,2,3.0
deepseek32b,implicature,swmimp154,3,4.0
deepseek32b,implicature,swmimp155,1,1.0
deepseek32b,implicature,swmimp155,2,2.0
deepseek32b,implicature,swmimp155,3,2.0
deepseek32b,implicature,swmimp156,1,2.0
deepseek32b,implicature,swmimp156,2,6.0
deepseek32b,implicature,swmimp156,3,4.0
deepseek32b,implicature,swmimp157,1,1.0
deepseek32b,implicature,swmimp157,2,
deepseek32b,implicature,swmimp157,3,1.0
deepseek32b,implicature,swmimp158,1,
deepseek32b,implicature,swmimp158,2,5.0
deepseek32b,implicature,swmimp158,3,5.0
deepseek32b,implicature,swmimp159,1,2.0
deepseek32b,implicature,swmimp159,2,3.0
deepseek32b,implicature,swmimp159,3,7.0
deepseek32b,implicature,swmimp160,1,1.0
deepseek32b,implicature,swmimp160,2,2.0
deepseek32b,implicature,swmimp160,3,2.0
deepseek32b,implicature,swmimp161,1,8.0
deepseek32b,implicature,swmimp161,2,1.0
deepseek32b,implicature,swmimp161,3,5.0
deepseek32b,implicature,swmimp162,1,2.0
deepseek32b,implicature,swmimp162,2,1.0
deepseek32b,implicature,swmimp162,3,1.0
deepseek32b,implicature,swmimp163,1,1.0
deepseek32b,implicature,swmimp163,2,1.0
deepseek32b,implicature,swmimp163,3,2.0
deepseek32b,implicature,swmimp164,1,
deepseek32b,implicature,swmimp164,2,
deepseek32b,implicature,swmimp164,3,1.0
deepseek32b,implicature,swmimp165,1,1.0
deepseek32b,implicature,swmimp165,2,2.0
deepseek32b,implicature,swmimp165,3,
deepseek32b,implicature,swmimp166,1,3.0
deepseek32b,implicature,swmimp166,2,
deepseek32b,implicature,swmimp166,3,
deepseek32b,implicature,swmimp167,1,5.0
deepseek32b,implicature,swmimp167,2,3.0
deepseek32b,implicature,swmimp167,3,3.0
deepseek32b,implicature,swmimp168,1,5.0
deepseek32b,implicature,swmimp168,2,2.0
deepseek32b,implicature,swmimp168,3,1.0
deepseek32b,implicature,swmimp169,1,2.0
deepseek32b,implicature,swmimp169,2,1.0
deepseek32b,implicature,swmimp169,3,1.0
deepseek32b,implicature,swmimp170,1,5.0
deepseek32b,implicature,swmimp170,2,3.0
deepseek32b,implicature,swmimp170,3,1.0
deepseek32b,implicature,swmimp171,1,5.0
deepseek32b,implicature,swmimp171,2,1.0
deepseek32b,implicature,swmimp171,3,6.0
deepseek32b,implicature,swmimp172,1,1.0
deepseek32b,implicature,swmimp172,2,3.0
deepseek32b,implicature,swmimp172,3,1.0
deepseek32b,implicature,swmimp173,1,1.0
deepseek32b,implicature,swmimp173,2,1.0
deepseek32b,implicature,swmimp173,3,2.0
deepseek32b,implicature,swmimp174,1,2.0
deepseek32b,implicature,swmimp174,2,
deepseek32b,implicature,swmimp174,3,1.0
deepseek32b,implicature,swmimp175,1,5.0
deepseek32b,implicature,swmimp175,2,4.0
deepseek32b,implicature,swmimp175,3,6.0
deepseek32b,implicature,swmimp176,1,1.0
deepseek32b,implicature,swmimp176,2,2.0
deepseek32b,implicature,swmimp176,3,5.0
deepseek32b,implicature,swmimp177,1,2.0
deepseek32b,implicature,swmimp177,2,3.0
deepseek32b,implicature,swmimp177,3,1.0
deepseek32b,implicature,swmimp178,1,3.0
deepseek32b,implicature,swmimp178,2,5.0
deepseek32b,implicature,swmimp178,3,10.0
deepseek32b,implicature,swmimp179,1,1.0
deepseek32b,implicature,swmimp179,2,1.0
deepseek32b,implicature,swmimp179,3,1.0
deepseek32b,implicature,swmimp180,1,5.0
deepseek32b,implicature,swmimp180,2,
deepseek32b,implicature,swmimp180,3,4.0
deepseek32b,implicature,swmimp181,1,5.0
deepseek32b,implicature,swmimp181,2,1.0
deepseek32b,implicature,swmimp181,3,1.0
deepseek32b,implicature,swmimp182,1,2.0
deepseek32b,implicature,swmimp182,2,2.0
deepseek32b,implicature,swmimp182,3,2.0
deepseek32b,implicature,swmimp183,1,4.0
deepseek32b,implicature,swmimp183,2,4.0
deepseek32b,implicature,swmimp183,3,3.0
deepseek32b,implicature,swmimp184,1,4.0
deepseek32b,implicature,swmimp184,2,4.0
deepseek32b,implicature,swmimp184,3,2.0
deepseek32b,implicature,swmimp185,1,1.0
deepseek32b,implicature,swmimp185,2,2.0
deepseek32b,implicature,swmimp185,3,3.0
deepseek32b,implicature,swmimp186,1,
deepseek32b,implicature,swmimp186,2,
deepseek32b,implicature,swmimp186,3,
deepseek32b,implicature,swmimp187,1,1.0
deepseek32b,implicature,swmimp187,2,1.0
deepseek32b,implicature,swmimp187,3,1.0
deepseek32b,implicature,swmimp188,1,
deepseek32b,implicature,swmimp188,2,
deepseek32b,implicature,swmimp188,3,4.0
deepseek32b,implicature,swmimp189,1,2.0
deepseek32b,implicature,swmimp189,2,1.0
deepseek32b,implicature,swmimp189,3,2.0
deepseek32b,implicature,swmimp190,1,4.0
deepseek32b,implicature,swmimp190,2,
deepseek32b,implicature,swmimp190,3,4.0
deepseek32b,implicature,swmimp191,1,1.0
deepseek32b,implicature,swmimp191,2,1.0
deepseek32b,implicature,swmimp191,3,1.0
deepseek32b,implicature,swmimp192,1,4.0
deepseek32b,implicature,swmimp192,2,2.0
deepseek32b,implicature,swmimp192,3,
deepseek32b,implicature,swmimp193,1,
deepseek32b,implicature,swmimp193,2,
deepseek32b,implicature,swmimp193,3,1.0
deepseek32b,implicature,swmimp194,1,1.0
deepseek32b,implicature,swmimp194,2,2.0
deepseek32b,implicature,swmimp194,3,1.0
deepseek32b,implicature,swmimp195,1,1.0
deepseek32b,implicature,swmimp195,2,1.0
deepseek32b,implicature,swmimp195,3,2.0
deepseek32b,implicature,swmimp196,1,3.0
deepseek32b,implicature,swmimp196,2,1.0
deepseek32b,implicature,swmimp196,3,6.0
deepseek32b,implicature,swmimp197,1,1.0
deepseek32b,implicature,swmimp197,2,1.0
deepseek32b,implicature,swmimp197,3,3.0
deepseek32b,implicature,swmimp198,1,1.0
deepseek32b,implicature,swmimp198,2,1.0
deepseek32b,implicature,swmimp198,3,2.0
deepseek32b,implicature,swmimp199,1,1.0
deepseek32b,implicature,swmimp199,2,1.0
deepseek32b,implicature,swmimp199,3,2.0
deepseek32b,implicature,swmimp200,1,1.0
deepseek32b,implicature,swmimp200,2,
deepseek32b,implicature,swmimp200,3,4.0
deepseek7b,false_belief,fb001,1,1.0
deepseek7b,false_belief,fb001,2,2.0
deepseek7b,false_belief,fb001,3,2.0
deepseek7b,false_belief,fb002,1,6.0
deepseek7b,false_belief,fb002,2,1.0
deepseek7b,false_belief,fb002,3,4.0
deepseek7b,false_belief,fb003,1,3.0
deepseek7b,false_belief,fb003,2,1.0
deepseek7b,false_belief,fb003,3,3.0
deepseek7b,false_belief,fb004,1,2.0
deepseek7b,false_belief,fb004,2,2.0
deepseek7b,false_belief,fb004,3,1.0
deepseek7b,false_belief,fb005,1,
deepseek7b,false_belief,fb005,2,2.0
deepseek7b,false_belief,fb005,3,3.0
deepseek7b,false_belief,fb006,1,3.0
deepseek7b,false_belief,fb006,2,1.0
deepseek7b,false_belief,fb006,3,3.0
deepseek7b,false_belief,fb007,1,2.0
deepseek7b,false_belief,fb007,2,3.0
deepseek7b,false_belief,fb007,3,1.0
deepseek7b,false_belief,fb008,1,1.0
deepseek7b,false_belief,fb008,2,2.0
deepseek7b,false_belief,fb008,3,2.0
deepseek7b,false_belief,fb009,1,2.0
deepseek7b,false_belief,fb009,2,1.0
deepseek7b,false_belief,fb009,3,1.0
deepseek7b,false_belief,fb010,1,3.0
deepseek7b,false_belief,fb010,2,3.0
deepseek7b,false_belief,fb010,3,4.0
deepseek7b,false_belief,fb011,1,1.0
deepseek7b,false_belief,fb011,2,2.0
deepseek7b,false_belief,fb011,3,1.0
deepseek7b,false_belief,fb012,1,3.0
deepseek7b,false_belief,fb012,2,2.0
deepseek7b,false_belief,fb012,3,3.0
deepseek7b,false_belief,fb013,1,2.0
deepseek7b,false_belief,fb013,2,2.0
deepseek7b,false_belief,fb013,3,2.0
deepseek7b,false_belief,fb014,1,1.0
deepseek7b,false_belief,fb014,2,1.0
deepseek7b,false_belief,fb014,3,1.0
deepseek7b,false_belief,fb015,1,3.0
deepseek7b,false_belief,fb015,2,3.0
deepseek7b,false_belief,fb015,3,2.0
deepseek7b,false_belief,fb016,1,2.0
deepseek7b,false_belief,fb016,2,3.0
deepseek7b,false_belief,fb016,3,1.0
deepseek7b,false_belief,fb017,1,1.0
deepseek7b,false_belief,fb017,2,2.0
deepseek7b,false_belief,fb017,3,2.0
deepseek7b,false_belief,fb018,1,4.0
deepseek7b,false_belief,fb018,2,3.0
deepseek7b,false_belief,fb018,3,4.0
deepseek7b,false_belief,fb019,1,2.0
deepseek7b,false_belief,fb019,2,1.0
deepseek7b,false_belief,fb019,3,1.0
deepseek7b,false_belief,fb020,1,2.0
deepseek7b,false_belief,fb020,2,4.0
deepseek7b,false_belief,fb020,3,2.0
deepseek7b,false_belief,fb021,1,1.0
deepseek7b,false_belief,fb021,2,3.0
deepseek7b,false_belief,fb021,3,2.0
deepseek7b,false_belief,fb022,1,5.0
deepseek7b,false_belief,fb022,2,5.0
deepseek7b,false_belief,fb022,3,4.0
deepseek7b,false_belief,fb023,1,3.0
deepseek7b,false_belief,fb023,2,3.0
deepseek7b,false_belief,fb023,3,6.0
deepseek7b,false_belief,fb024,1,1.0
deepseek7b,false_belief,fb024,2,3.0
deepseek7b,false_belief,fb024,3,3.0
deepseek7b,false_belief,fb025,1,1.0
deepseek7b,false_belief,fb025,2,3.0
deepseek7b,false_belief,fb025,3,3.0
deepseek7b,false_belief,fb026,1,2.0
deepseek7b,false_belief,fb026,2,3.0
deepseek7b,false_belief,fb026,3,3.0
deepseek7b,false_belief,fb027,1,3.0
deepseek7b,false_belief,fb027,2,3.0
deepseek7b,false_belief,fb027,3,3.0
deepseek7b,false_belief,fb028,1,2.0
deepseek7b,false_belief,fb028,2,3.0
deepseek7b,false_belief,fb028,3,2.0
deepseek7b,false_belief,fb029,1,3.0
deepseek7b,false_belief,fb029,2,1.0
deepseek7b,false_belief,fb029,3,2.0
deepseek7b,false_belief,fb030,1,1.0
deepseek7b,false_belief,fb030,2,2.0
deepseek7b,false_belief,fb030,3,2.0
deepseek7b,false_belief,fb031,1,2.0
deepseek7b,false_belief,fb031,2,3.0
deepseek7b,false_belief,fb031,3,2.0
deepseek7b,false_belief,fb032,1,2.0
deepseek7b,false_belief,fb032,2,3.0
deepseek7b,false_belief,fb032,3,2.0
deepseek7b,false_belief,fb033,1,3.0
deepseek7b,false_belief,fb033,2,1.0
deepseek7b,false_belief,fb033,3,3.0
deepseek7b,false_belief,fb034,1,1.0
deepseek7b,false_belief,fb034,2,2.0
deepseek7b,false_belief,fb034,3,2.0
deepseek7b,false_belief,fb035,1,1.0
deepseek7b,false_belief,fb035,2,1.0
deepseek7b,false_belief,fb035,3,2.0
deepseek7b,false_belief,fb036,1,1.0
deepseek7b,false_belief,fb036,2,1.0
deepseek7b,false_belief,fb036,3,1.0
deepseek7b,false_belief,fb037,1,1.0
deepseek7b,false_belief,fb037,2,5.0
deepseek7b,false_belief,fb037,3,1.0
deepseek7b,false_belief,fb038,1,3.0
deepseek7b,false_belief,fb038,2,3.0
deepseek7b,false_belief,fb038,3,3.0
deepseek7b,false_belief,fb039,1,2.0
deepseek7b,false_belief,fb039,2,1.0
deepseek7b,false_belief,fb039,3,3.0
deepseek7b,false_belief,fb040,1,4.0
deepseek7b,false_belief,fb040,2,4.0
deepseek7b,false_belief,fb040,3,5.0
deepseek7b,false_belief,fb041,1,3.0
deepseek7b,false_belief,fb041,2,3.0
deepseek7b,false_belief,fb041,3,3.0
deepseek7b,false_belief,fb042,1,5.0
deepseek7b,false_belief,fb042,2,3.0
deepseek7b,false_belief,fb042,3,3.0
deepseek7b,false_belief,fb043,1,2.0
deepseek7b,false_belief,fb043,2,3.0
deepseek7b,false_belief,fb043,3,3.0
deepseek7b,false_belief,fb044,1,3.0
deepseek7b,false_belief,fb044,2,3.0
deepseek7b,false_belief,fb044,3,3.0
deepseek7b,false_belief,fb045,1,3.0
deepseek7b,false_belief,fb045,2,3.0
deepseek7b,false_belief,fb045,3,
deepseek7b,false_belief,fb046,1,2.0
deepseek7b,false_belief,fb046,2,2.0
deepseek7b,false_belief,fb046,3,2.0
deepseek7b,false_belief,fb047,1,3.0
deepseek7b,false_belief,fb047,2,3.0
deepseek7b,false_belief,fb047,3,3.0
deepseek7b,false_belief,fb048,1,5.0
deepseek7b,false_belief,fb048,2,4.0
deepseek7b,false_belief,fb048,3,3.0
deepseek7b,false_belief,fb049,1,2.0
deepseek7b,false_belief,fb049,2,1.0
deepseek7b,false_belief,fb049,3,1.0
deepseek7b,false_belief,fb050,1,3.0
deepseek7b,false_belief,fb050,2,3.0
deepseek7b,false_belief,fb050,3,3.0
deepseek7b,false_belief,fb051,1,3.0
deepseek7b,false_belief,fb051,2,1.0
deepseek7b,false_belief,fb051,3,3.0
deepseek7b,false_belief,fb052,1,1.0
deepseek7b,false_belief,fb052,2,1.0
deepseek7b,false_belief,fb052,3,2.0
deepseek7b,false_belief,fb053,1,4.0
deepseek7b,false_belief,fb053,2,5.0
deepseek7b,false_belief,fb053,3,1.0
deepseek7b,false_belief,fb054,1,1.0
deepseek7b,false_belief,fb054,2,1.0
deepseek7b,false_belief,fb054,3,4.0
deepseek7b,false_belief,fb055,1,2.0
deepseek7b,false_belief,fb055,2,3.0
deepseek7b,false_belief,fb055,3,3.0
deepseek7b,false_belief,fb056,1,1.0
deepseek7b,false_belief,fb056,2,1.0
deepseek7b,false_belief,fb056,3,1.0
deepseek7b,false_belief,fb057,1,4.0
deepseek7b,false_belief,fb057,2,4.0
deepseek7b,false_belief,fb057,3,4.0
deepseek7b,false_belief,fb058,1,3.0
deepseek7b,false_belief,fb058,2,1.0
deepseek7b,false_belief,fb058,3,1.0
deepseek7b,false_belief,fb059,1,2.0
deepseek7b,false_belief,fb059,2,2.0
deepseek7b,false_belief,fb059,3,2.0
deepseek7b,false_belief,fb060,1,3.0
deepseek7b,false_belief,fb060,2,2.0
deepseek7b,false_belief,fb060,3,4.0
deepseek7b,false_belief,sfp011,1,3.0
deepseek7b,false_belief,sfp011,2,
deepseek7b,false_belief,sfp011,3,1.0
deepseek7b,false_belief,sfp012,1,1.0
deepseek7b,false_belief,sfp012,2,1.0
deepseek7b,false_belief,sfp012,3,1.0
deepseek7b,false_belief,sfp013,1,2.0
deepseek7b,false_belief,sfp013,2,1.0
deepseek7b,false_belief,sfp013,3,1.0
deepseek7b,false_belief,sfp014,1,2.0
deepseek7b,false_belief,sfp014,2,1.0
deepseek7b,false_belief,sfp014,3,2.0
deepseek7b,false_belief,sfp015,1,1.0
deepseek7b,false_belief,sfp015,2,1.0
deepseek7b,false_belief,sfp015,3,2.0
deepseek7b,false_belief,sfp016,1,3.0
deepseek7b,false_belief,sfp016,2,1.0
deepseek7b,false_belief,sfp016,3,1.0
deepseek7b,false_belief,sfp017,1,3.0
deepseek7b,false_belief,sfp017,2,1.0
deepseek7b,false_belief,sfp017,3,3.0
deepseek7b,false_belief,sfp018,1,3.0
deepseek7b,false_belief,sfp018,2,3.0
deepseek7b,false_belief,sfp018,3,2.0
deepseek7b,false_belief,sfp019,1,3.0
deepseek7b,false_belief,sfp019,2,4.0
deepseek7b,false_belief,sfp019,3,4.0
deepseek7b,false_belief,sfp020,1,1.0
deepseek7b,false_belief,sfp020,2,1.0
deepseek7b,false_belief,sfp020,3,1.0
deepseek7b,faux_pas,sfp001,1,2.0
deepseek7b,faux_pas,sfp001,2,2.0
deepseek7b,faux_pas,sfp001,3,1.0
deepseek7b,faux_pas,sfp002,1,3.0
deepseek7b,faux_pas,sfp002,2,
deepseek7b,faux_pas,sfp002,3,
deepseek7b,faux_pas,sfp003,1,
deepseek7b,faux_pas,sfp003,2,4.0
deepseek7b,faux_pas,sfp003,3,5.0
deepseek7b,faux_pas,sfp004,1,4.0
deepseek7b,faux_pas,sfp004,2,4.0
deepseek7b,faux_pas,sfp004,3,4.0
deepseek7b,faux_pas,sfp005,1,3.0
deepseek7b,faux_pas,sfp005,2,4.0
deepseek7b,faux_pas,sfp005,3,3.0
deepseek7b,faux_pas,sfp006,1,2.0
deepseek7b,faux_pas,sfp006,2,2.0
deepseek7b,faux_pas,sfp006,3,3.0
deepseek7b,faux_pas,sfp007,1,1.0
deepseek7b,faux_pas,sfp007,2,5.0
deepseek7b,faux_pas,sfp007,3,5.0
deepseek7b,faux_pas,sfp008,1,5.0
deepseek7b,faux_pas,sfp008,2,3.0
deepseek7b,faux_pas,sfp008,3,4.0
deepseek7b,faux_pas,sfp009,1,
deepseek7b,faux_pas,sfp009,2,
deepseek7b,faux_pas,sfp009,3,3.0
deepseek7b,faux_pas,sfp010,1,3.0
deepseek7b,faux_pas,sfp010,2,4.0
deepseek7b,faux_pas,sfp010,3,2.0
deepseek7b,implicature,swmimp001,1,3.0
deepseek7b,implicature,swmimp001,2,4.0
deepseek7b,implicature,swmimp001,3,7.0
deepseek7b,implicature,swmimp002,1,
deepseek7b,implicature,swmimp002,2,5.0
deepseek7b,implicature,swmimp002,3,
deepseek7b,implicature,swmimp003,1,1.0
deepseek7b,implicature,swmimp003,2,2.0
deepseek7b,implicature,swmimp003,3,4.0
deepseek7b,implicature,swmimp004,1,
deepseek7b,implicature,swmimp004,2,
deepseek7b,implicature,swmimp004,3,
deepseek7b,implicature,swmimp005,1,2.0
deepseek7b,implicature,swmimp005,2,1.0
deepseek7b,implicature,swmimp005,3,1.0
deepseek7b,implicature,swmimp006,1,1.0
deepseek7b,implicature,swmimp006,2,1.0
deepseek7b,implicature,swmimp006,3,1.0
deepseek7b,implicature,swmimp007,1,
deepseek7b,implicature,swmimp007,2,
deepseek7b,implicature,swmimp007,3,6.0
deepseek7b,implicature,swmimp008,1,4.0
deepseek7b,implicature,swmimp008,2,1.0
deepseek7b,implicature,swmimp008,3,3.0
deepseek7b,implicature,swmimp009,1,4.0
deepseek7b,implicature,swmimp009,2,3.0
deepseek7b,implicature,swmimp009,3,2.0
deepseek7b,implicature,swmimp010,1,
deepseek7b,implicature,swmimp010,2,
deepseek7b,implicature,swmimp010,3,
deepseek7b,implicature,swmimp011,1,4.0
deepseek7b,implicature,swmimp011,2,2.0
deepseek7b,implicature,swmimp011,3,
deepseek7b,implicature,swmimp012,1,2.0
deepseek7b,implicature,swmimp012,2,
deepseek7b,implicature,swmimp012,3,4.0
deepseek7b,implicature,swmimp013,1,
deepseek7b,implicature,swmimp013,2,2.0
deepseek7b,implicature,swmimp013,3,2.0
deepseek7b,implicature,swmimp014,1,3.0
deepseek7b,implicature,swmimp014,2,
deepseek7b,implicature,swmimp014,3,
deepseek7b,implicature,swmimp015,1,2.0
deepseek7b,implicature,swmimp015,2,
deepseek7b,implicature,swmimp015,3,
deepseek7b,implicature,swmimp016,1,1.0
deepseek7b,implicature,swmimp016,2,2.0
deepseek7b,implicature,swmimp016,3,1.0
deepseek7b,implicature,swmimp017,1,3.0
deepseek7b,implicature,swmimp017,2,2.0
deepseek7b,implicature,swmimp017,3,1.0
deepseek7b,implicature,swmimp018,1,
deepseek7b,implicature,swmimp018,2,1.0
deepseek7b,implicature,swmimp018,3,1.0
deepseek7b,implicature,swmimp019,1,1.0
deepseek7b,implicature,swmimp019,2,1.0
deepseek7b,implicature,swmimp019,3,1.0
deepseek7b,implicature,swmimp020,1,2.0
deepseek7b,implicature,swmimp020,2,3.0
deepseek7b,implicature,swmimp020,3,1.0
deepseek7b,implicature,swmimp021,1,
deepseek7b,implicature,swmimp021,2,
deepseek7b,implicature,swmimp021,3,
deepseek7b,implicature,swmimp022,1,1.0
deepseek7b,implicature,swmimp022,2,
deepseek7b,implicature,swmimp022,3,
deepseek7b,implicature,swmimp023,1,1.0
deepseek7b,implicature,swmimp023,2,1.0
deepseek7b,implicature,swmimp023,3,2.0
deepseek7b,implicature,swmimp024,1,
deepseek7b,implicature,swmimp024,2,
deepseek7b,implicature,swmimp024,3,
deepseek7b,implicature,swmimp025,1,
deepseek7b,implicature,swmimp025,2,4.0
deepseek7b,implicature,swmimp025,3,
deepseek7b,implicature,swmimp026,1,
deepseek7b,implicature,swmimp026,2,
deepseek7b,implicature,swmimp026,3,
deepseek7b,implicature,swmimp027,1,
deepseek7b,implicature,swmimp027,2,2.0
deepseek7b,implicature,swmimp027,3,
deepseek7b,implicature,swmimp028,1,
deepseek7b,implicature,swmimp028,2,1.0
deepseek7b,implicature,swmimp028,3,1.0
deepseek7b,implicature,swmimp029,1,
deepseek7b,implicature,swmimp029,2,1.0
deepseek7b,implicature,swmimp029,3,
deepseek7b,implicature,swmimp030,1,2.0
deepseek7b,implicature,swmimp030,2,1.0
deepseek7b,implicature,swmimp030,3,1.0
deepseek7b,implicature,swmimp031,1,8.0
deepseek7b,implicature,swmimp031,2,6.0
deepseek7b,implicature,swmimp031,3,5.0
deepseek7b,implicature,swmimp032,1,3.0
deepseek7b,implicature,swmimp032,2,1.0
deepseek7b,implicature,swmimp032,3,4.0
deepseek7b,implicature,swmimp033,1,
deepseek7b,implicature,swmimp033,2,
deepseek7b,implicature,swmimp033,3,
deepseek7b,implicature,swmimp034,1,1.0
deepseek7b,implicature,swmimp034,2,2.0
deepseek7b,implicature,swmimp034,3,2.0
deepseek7b,implicature,swmimp035,1,
deepseek7b,implicature,swmimp035,2,4.0
deepseek7b,implicature,swmimp035,3,
deepseek7b,implicature,swmimp036,1,2.0
deepseek7b,implicature,swmimp036,2,3.0
deepseek7b,implicature,swmimp036,3,4.0
deepseek7b,implicature,swmimp037,1,
deepseek7b,implicature,swmimp037,2,
deepseek7b,implicature,swmimp037,3,
deepseek7b,implicature,swmimp038,1,1.0
deepseek7b,implicature,swmimp038,2,4.0
deepseek7b,implicature,swmimp038,3,1.0
deepseek7b,implicature,swmimp039,1,
deepseek7b,implicature,swmimp039,2,
deepseek7b,implicature,swmimp039,3,
deepseek7b,implicature,swmimp040,1,
deepseek7b,implicature,swmimp040,2,
deepseek7b,implicature,swmimp040,3,1.0
deepseek7b,implicature,swmimp041,1,
deepseek7b,implicature,swmimp041,2,2.0
deepseek7b,implicature,swmimp041,3,1.0
deepseek7b,implicature,swmimp042,1,2.0
deepseek7b,implicature,swmimp042,2,1.0
deepseek7b,implicature,swmimp042,3,2.0
deepseek7b,implicature,swmimp043,1,2.0
deepseek7b,implicature,swmimp043,2,3.0
deepseek7b,implicature,swmimp043,3,
deepseek7b,implicature,swmimp044,1,5.0
deepseek7b,implicature,swmimp044,2,6.0
deepseek7b,implicature,swmimp044,3,
deepseek7b,implicature,swmimp045,1,4.0
deepseek7b,implicature,swmimp045,2,2.0
deepseek7b,implicature,swmimp045,3,2.0
deepseek7b,implicature,swmimp046,1,1.0
deepseek7b,implicature,swmimp046,2,3.0
deepseek7b,implicature,swmimp046,3,1.0
deepseek7b,implicature,swmimp047,1,1.0
deepseek7b,implicature,swmimp047,2,3.0
deepseek7b,implicature,swmimp047,3,3.0
deepseek7b,implicature,swmimp048,1,1.0
deepseek7b,implicature,swmimp048,2,1.0
deepseek7b,implicature,swmimp048,3,1.0
deepseek7b,implicature,swmimp049,1,4.0
deepseek7b,implicature,swmimp049,2,
deepseek7b,implicature,swmimp049,3,2.0
deepseek7b,implicature,swmimp050,1,1.0
deepseek7b,implicature,swmimp050,2,1.0
deepseek7b,implicature,swmimp050,3,2.0
deepseek7b,implicature,swmimp051,1,1.0
deepseek7b,implicature,swmimp051,2,3.0
deepseek7b,implicature,swmimp051,3,1.0
deepseek7b,implicature,swmimp052,1,
deepseek7b,implicature,swmimp052,2,
deepseek7b,implicature,swmimp052,3,1.0
deepseek7b,implicature,swmimp053,1,2.0
deepseek7b,implicature,swmimp053,2,6.0
deepseek7b,implicature,swmimp053,3,3.0
deepseek7b,implicature,swmimp054,1,1.0
deepseek7b,implicature,swmimp054,2,1.0
deepseek7b,implicature,swmimp054,3,2.0
deepseek7b,implicature,swmimp055,1,
deepseek7b,implicature,swmimp055,2,
deepseek7b,implicature,swmimp055,3,
deepseek7b,implicature,swmimp056,1,2.0
deepseek7b,implicature,swmimp056,2,4.0
deepseek7b,implicature,swmimp056,3,3.0
deepseek7b,implicature,swmimp057,1,
deepseek7b,implicature,swmimp057,2,4.0
deepseek7b,implicature,swmimp057,3,
deepseek7b,implicature,swmimp058,1,1.0
deepseek7b,implicature,swmimp058,2,2.0
deepseek7b,implicature,swmimp058,3,2.0
deepseek7b,implicature,swmimp059,1,2.0
deepseek7b,implicature,swmimp059,2,1.0
deepseek7b,implicature,swmimp059,3,2.0
deepseek7b,implicature,swmimp060,1,1.0
deepseek7b,implicature,swmimp060,2,1.0
deepseek7b,implicature,swmimp060,3,1.0
deepseek7b,implicature,swmimp061,1,
deepseek7b,implicature,swmimp061,2,
deepseek7b,implicature,swmimp061,3,
deepseek7b,implicature,swmimp062,1,1.0
deepseek7b,implicature,swmimp062,2,1.0
deepseek7b,implicature,swmimp062,3,1.0
deepseek7b,implicature,swmimp063,1,1.0
deepseek7b,implicature,swmimp063,2,4.0
deepseek7b,implicature,swmimp063,3,5.0
deepseek7b,implicature,swmimp064,1,4.0
deepseek7b,implicature,swmimp064,2,
deepseek7b,implicature,swmimp064,3,3.0
deepseek7b,implicature,swmimp065,1,
deepseek7b,implicature,swmimp065,2,
deepseek7b,implicature,swmimp065,3,5.0
deepseek7b,implicature,swmimp066,1,
deepseek7b,implicature,swmimp066,2,4.0
deepseek7b,implicature,swmimp066,3,
deepseek7b,implicature,swmimp067,1,2.0
deepseek7b,implicature,swmimp067,2,1.0
deepseek7b,implicature,swmimp067,3,1.0
deepseek7b,implicature,swmimp068,1,1.0
deepseek7b,implicature,swmimp068,2,
deepseek7b,implicature,swmimp068,3,
deepseek7b,implicature,swmimp069,1,6.0
deepseek7b,implicature,swmimp069,2,2.0
deepseek7b,implicature,swmimp069,3,2.0
deepseek7b,implicature,swmimp070,1,1.0
deepseek7b,implicature,swmimp070,2,1.0
deepseek7b,implicature,swmimp070,3,1.0
deepseek7b,implicature,swmimp071,1,2.0
deepseek7b,implicature,swmimp071,2,3.0
deepseek7b,implicature,swmimp071,3,4.0
deepseek7b,implicature,swmimp072,1,1.0
deepseek7b,implicature,swmimp072,2,3.0
deepseek7b,implicature,swmimp072,3,2.0
deepseek7b,implicature,swmimp073,1,1.0
deepseek7b,implicature,swmimp073,2,3.0
deepseek7b,implicature,swmimp073,3,7.0
deepseek7b,implicature,swmimp074,1,1.0
deepseek7b,implicature,swmimp074,2,1.0
deepseek7b,implicature,swmimp074,3,5.0
deepseek7b,implicature,swmimp075,1,
deepseek7b,implicature,swmimp075,2,
deepseek7b,implicature,swmimp075,3,
deepseek7b,implicature,swmimp076,1,3.0
deepseek7b,implicature,swmimp076,2,2.0
deepseek7b,implicature,swmimp076,3,2.0
deepseek7b,implicature,swmimp077,1,4.0
deepseek7b,implicature,swmimp077,2,3.0
deepseek7b,implicature,swmimp077,3,2.0
deepseek7b,implicature,swmimp078,1,3.0
deepseek7b,implicature,swmimp078,2,5.0
deepseek7b,implicature,swmimp078,3,2.0
deepseek7b,implicature,swmimp079,1,
deepseek7b,implicature,swmimp079,2,
deepseek7b,implicature,swmimp079,3,
deepseek7b,implicature,swmimp080,1,2.0
deepseek7b,implicature,swmimp080,2,4.0
deepseek7b,implicature,swmimp080,3,
deepseek7b,implicature,swmimp081,1,
deepseek7b,implicature,swmimp081,2,
deepseek7b,implicature,swmimp081,3,3.0
deepseek7b,implicature,swmimp082,1,3.0
deepseek7b,implicature,swmimp082,2,4.0
deepseek7b,implicature,swmimp082,3,4.0
deepseek7b,implicature,swmimp083,1,1.0
deepseek7b,implicature,swmimp083,2,3.0
deepseek7b,implicature,swmimp083,3,2.0
deepseek7b,implicature,swmimp084,1,5.0
deepseek7b,implicature,swmimp084,2,5.0
deepseek7b,implicature,swmimp084,3,3.0
deepseek7b,implicature,swmimp085,1,1.0
deepseek7b,implicature,swmimp085,2,6.0
deepseek7b,implicature,swmimp085,3,3.0
deepseek7b,implicature,swmimp086,1,1.0
deepseek7b,implicature,swmimp086,2,2.0
deepseek7b,implicature,swmimp086,3,2.0
deepseek7b,implicature,swmimp087,1,2.0
deepseek7b,implicature,swmimp087,2,1.0
deepseek7b,implicature,swmimp087,3,1.0
deepseek7b,implicature,swmimp088,1,
deepseek7b,implicature,swmimp088,2,1.0
deepseek7b,implicature,swmimp088,3,
deepseek7b,implicature,swmimp089,1,
deepseek7b,implicature,swmimp089,2,2.0
deepseek7b,implicature,swmimp089,3,2.0
deepseek7b,implicature,swmimp090,1,4.0
deepseek7b,implicature,swmimp090,2,3.0
deepseek7b,implicature,swmimp090,3,4.0
deepseek7b,implicature,swmimp091,1,1.0
deepseek7b,implicature,swmimp091,2,1.0
deepseek7b,implicature,swmimp091,3,1.0
deepseek7b,implicature,swmimp092,1,9.0
deepseek7b,implicature,swmimp092,2,
deepseek7b,implicature,swmimp092,3,5.0
deepseek7b,implicature,swmimp093,1,
deepseek7b,implicature,swmimp093,2,
deepseek7b,implicature,swmimp093,3,1.0
deepseek7b,implicature,swmimp094,1,2.0
deepseek7b,implicature,swmimp094,2,
deepseek7b,implicature,swmimp094,3,2.0
deepseek7b,implicature,swmimp095,1,3.0
deepseek7b,implicature,swmimp095,2,4.0
deepseek7b,implicature,swmimp095,3,1.0
deepseek7b,implicature,swmimp096,1,
deepseek7b,implicature,swmimp096,2,
deepseek7b,implicature,swmimp096,3,
deepseek7b,implicature,swmimp097,1,2.0
deepseek7b,implicature,swmimp097,2,5.0
deepseek7b,implicature,swmimp097,3,1.0
deepseek7b,implicature,swmimp098,1,1.0
deepseek7b,implicature,swmimp098,2,2.0
deepseek7b,implicature,swmimp098,3,1.0
deepseek7b,implicature,swmimp099,1,
deepseek7b,implicature,swmimp099,2,5.0
deepseek7b,implicature,swmimp099,3,5.0
deepseek7b,implicature,swmimp100,1,1.0
deepseek7b,implicature,swmimp100,2,3.0
deepseek7b,implicature,swmimp100,3,3.0
deepseek7b,implicature,swmimp101,1,
deepseek7b,implicature,swmimp101,2,
deepseek7b,implicature,swmimp101,3,8.0
deepseek7b,implicature,swmimp102,1,5.0
deepseek7b,implicature,swmimp102,2,10.0
deepseek7b,implicature,swmimp102,3,7.0
deepseek7b,implicature,swmimp103,1,
deepseek7b,implicature,swmimp103,2,
deepseek7b,implicature,swmimp103,3,
deepseek7b,implicature,swmimp104,1,1.0
deepseek7b,implicature,swmimp104,2,6.0
deepseek7b,implicature,swmimp104,3,1.0
deepseek7b,implicature,swmimp105,1,
deepseek7b,implicature,swmimp105,2,
deepseek7b,implicature,swmimp105,3,
deepseek7b,implicature,swmimp106,1,
deepseek7b,implicature,swmimp106,2,
deepseek7b,implicature,swmimp106,3,
deepseek7b,implicature,swmimp107,1,
deepseek7b,implicature,swmimp107,2,
deepseek7b,implicature,swmimp107,3,
deepseek7b,implicature,swmimp108,1,
deepseek7b,implicature,swmimp108,2,
deepseek7b,implicature,swmimp108,3,
deepseek7b,implicature,swmimp109,1,1.0
deepseek7b,implicature,swmimp109,2,
deepseek7b,implicature,swmimp109,3,
deepseek7b,implicature,swmimp110,1,1.0
deepseek7b,implicature,swmimp110,2,1.0
deepseek7b,implicature,swmimp110,3,1.0
deepseek7b,implicature,swmimp111,1,3.0
deepseek7b,implicature,swmimp111,2,1.0
deepseek7b,implicature,swmimp111,3,1.0
deepseek7b,implicature,swmimp112,1,
deepseek7b,implicature,swmimp112,2,3.0
deepseek7b,implicature,swmimp112,3,
deepseek7b,implicature,swmimp113,1,
deepseek7b,implicature,swmimp113,2,
deepseek7b,implicature,swmimp113,3,
deepseek7b,implicature,swmimp114,1,8.0
deepseek7b,implicature,swmimp114,2,4.0
deepseek7b,implicature,swmimp114,3,3.0
deepseek7b,implicature,swmimp115,1,2.0
deepseek7b,implicature,swmimp115,2,2.0
deepseek7b,implicature,swmimp115,3,5.0
deepseek7b,implicature,swmimp116,1,2.0
deepseek7b,implicature,swmimp116,2,6.0
deepseek7b,implicature,swmimp116,3,4.0
deepseek7b,implicature,swmimp117,1,5.0
deepseek7b,implicature,swmimp117,2,
deepseek7b,implicature,swmimp117,3,4.0
deepseek7b,implicature,swmimp118,1,
deepseek7b,implicature,swmimp118,2,4.0
deepseek7b,implicature,swmimp118,3,4.0
deepseek7b,implicature,swmimp119,1,1.0
deepseek7b,implicature,swmimp119,2,1.0
deepseek7b,implicature,swmimp119,3,1.0
deepseek7b,implicature,swmimp120,1,1.0
deepseek7b,implicature,swmimp120,2,2.0
deepseek7b,implicature,swmimp120,3,2.0
deepseek7b,implicature,swmimp121,1,1.0
deepseek7b,implicature,swmimp121,2,1.0
deepseek7b,implicature,swmimp121,3,2.0
deepseek7b,implicature,swmimp122,1,3.0
deepseek7b,implicature,swmimp122,2,2.0
deepseek7b,implicature,swmimp122,3,
deepseek7b,implicature,swmimp123,1,1.0
deepseek7b,implicature,swmimp123,2,6.0
deepseek7b,implicature,swmimp123,3,7.0
deepseek7b,implicature,swmimp124,1,2.0
deepseek7b,implicature,swmimp124,2,1.0
deepseek7b,implicature,swmimp124,3,2.0
deepseek7b,implicature,swmimp125,1,7.0
deepseek7b,implicature,swmimp125,2,5.0
deepseek7b,implicature,swmimp125,3,9.0
deepseek7b,implicature,swmimp126,1,5.0
deepseek7b,implicature,swmimp126,2,7.0
deepseek7b,implicature,swmimp126,3,1.0
deepseek7b,implicature,swmimp127,1,3.0
deepseek7b,implicature,swmimp127,2,4.0
deepseek7b,implicature,swmimp127,3,10.0
deepseek7b,implicature,swmimp128,1,2.0
deepseek7b,implicature,swmimp128,2,4.0
deepseek7b,implicature,swmimp128,3,4.0
deepseek7b,implicature,swmimp129,1,11.0
deepseek7b,implicature,swmimp129,2,1.0
deepseek7b,implicature,swmimp129,3,10.0
deepseek7b,implicature,swmimp130,1,2.0
deepseek7b,implicature,swmimp130,2,2.0
deepseek7b,implicature,swmimp130,3,3.0
deepseek7b,implicature,swmimp131,1,
deepseek7b,implicature,swmimp131,2,
deepseek7b,implicature,swmimp131,3,
deepseek7b,implicature,swmimp132,1,5.0
deepseek7b,implicature,swmimp132,2,7.0
deepseek7b,implicature,swmimp132,3,9.0
deepseek7b,implicature,swmimp133,1,2.0
deepseek7b,implicature,swmimp133,2,1.0
deepseek7b,implicature,swmimp133,3,1.0
deepseek7b,implicature,swmimp134,1,
deepseek7b,implicature,swmimp134,2,1.0
deepseek7b,implicature,swmimp134,3,1.0
deepseek7b,implicature,swmimp135,1,1.0
deepseek7b,implicature,swmimp135,2,2.0
deepseek7b,implicature,swmimp135,3,3.0
deepseek7b,implicature,swmimp136,1,5.0
deepseek7b,implicature,swmimp136,2,4.0
deepseek7b,implicature,swmimp136,3,2.0
deepseek7b,implicature,swmimp137,1,2.0
deepseek7b,implicature,swmimp137,2,4.0
deepseek7b,implicature,swmimp137,3,4.0
deepseek7b,implicature,swmimp138,1,4.0
deepseek7b,implicature,swmimp138,2,
deepseek7b,implicature,swmimp138,3,4.0
deepseek7b,implicature,swmimp139,1,6.0
deepseek7b,implicature,swmimp139,2,2.0
deepseek7b,implicature,swmimp139,3,5.0
deepseek7b,implicature,swmimp140,1,3.0
deepseek7b,implicature,swmimp140,2,1.0
deepseek7b,implicature,swmimp140,3,3.0
deepseek7b,implicature,swmimp141,1,1.0
deepseek7b,implicature,swmimp141,2,1.0
deepseek7b,implicature,swmimp141,3,2.0
deepseek7b,implicature,swmimp142,1,5.0
deepseek7b,implicature,swmimp142,2,5.0
deepseek7b,implicature,swmimp142,3,5.0
deepseek7b,implicature,swmimp143,1,1.0
deepseek7b,implicature,swmimp143,2,2.0
deepseek7b,implicature,swmimp143,3,3.0
deepseek7b,implicature,swmimp144,1,20.0
deepseek7b,implicature,swmimp144,2,17.0
deepseek7b,implicature,swmimp144,3,4.0
deepseek7b,implicature,swmimp145,1,1.0
deepseek7b,implicature,swmimp145,2,1.0
deepseek7b,implicature,swmimp145,3,
deepseek7b,implicature,swmimp146,1,27.0
deepseek7b,implicature,swmimp146,2,10.0
deepseek7b,implicature,swmimp146,3,
deepseek7b,implicature,swmimp147,1,9.0
deepseek7b,implicature,swmimp147,2,
deepseek7b,implicature,swmimp147,3,5.0
deepseek7b,implicature,swmimp148,1,2.0
deepseek7b,implicature,swmimp148,2,1.0
deepseek7b,implicature,swmimp148,3,3.0
deepseek7b,implicature,swmimp149,1,
deepseek7b,implicature,swmimp149,2,
deepseek7b,implicature,swmimp149,3,
deepseek7b,implicature,swmimp150,1,4.0
deepseek7b,implicature,swmimp150,2,6.0
deepseek7b,implicature,swmimp150,3,
deepseek7b,implicature,swmimp151,1,1.0
deepseek7b,implicature,swmimp151,2,4.0
deepseek7b,implicature,swmimp151,3,1.0
deepseek7b,implicature,swmimp152,1,1.0
deepseek7b,implicature,swmimp152,2,4.0
deepseek7b,implicature,swmimp152,3,3.0
deepseek7b,implicature,swmimp153,1,2.0
deepseek7b,implicature,swmimp153,2,6.0
deepseek7b,implicature,swmimp153,3,1.0
deepseek7b,implicature,swmimp154,1,8.0
deepseek7b,implicature,swmimp154,2,
deepseek7b,implicature,swmimp154,3,6.0
deepseek7b,implicature,swmimp155,1,2.0
deepseek7b,implicature,swmimp155,2,1.0
deepseek7b,implicature,swmimp155,3,1.0
deepseek7b,implicature,swmimp156,1,3.0
deepseek7b,implicature,swmimp156,2,3.0
deepseek7b,implicature,swmimp156,3,3.0
deepseek7b,implicature,swmimp157,1,2.0
deepseek7b,implicature,swmimp157,2,4.0
deepseek7b,implicature,swmimp157,3,3.0
deepseek7b,implicature,swmimp158,1,5.0
deepseek7b,implicature,swmimp158,2,2.0
deepseek7b,implicature,swmimp158,3,5.0
deepseek7b,implicature,swmimp159,1,7.0
deepseek7b,implicature,swmimp159,2,5.0
deepseek7b,implicature,swmimp159,3,
deepseek7b,implicature,swmimp160,1,4.0
deepseek7b,implicature,swmimp160,2,1.0
deepseek7b,implicature,swmimp160,3,
deepseek7b,implicature,swmimp161,1,
deepseek7b,implicature,swmimp161,2,
deepseek7b,implicature,swmimp161,3,
deepseek7b,implicature,swmimp162,1,6.0
deepseek7b,implicature,swmimp162,2,1.0
deepseek7b,implicature,swmimp162,3,5.0
deepseek7b,implicature,swmimp163,1,3.0
deepseek7b,implicature,swmimp163,2,3.0
deepseek7b,implicature,swmimp163,3,3.0
deepseek7b,implicature,swmimp164,1,
deepseek7b,implicature,swmimp164,2,1.0
deepseek7b,implicature,swmimp164,3,1.0
deepseek7b,implicature,swmimp165,1,
deepseek7b,implicature,swmimp165,2,2.0
deepseek7b,implicature,swmimp165,3,1.0
deepseek7b,implicature,swmimp166,1,1.0
deepseek7b,implicature,swmimp166,2,1.0
deepseek7b,implicature,swmimp166,3,1.0
deepseek7b,implicature,swmimp167,1,
deepseek7b,implicature,swmimp167,2,
deepseek7b,implicature,swmimp167,3,
deepseek7b,implicature,swmimp168,1,
deepseek7b,implicature,swmimp168,2,
deepseek7b,implicature,swmimp168,3,
deepseek7b,implicature,swmimp169,1,3.0
deepseek7b,implicature,swmimp169,2,3.0
deepseek7b,implicature,swmimp169,3,5.0
deepseek7b,implicature,swmimp170,1,3.0
deepseek7b,implicature,swmimp170,2,4.0
deepseek7b,implicature,swmimp170,3,1.0
deepseek7b,implicature,swmimp171,1,3.0
deepseek7b,implicature,swmimp171,2,7.0
deepseek7b,implicature,swmimp171,3,4.0
deepseek7b,implicature,swmimp172,1,2.0
deepseek7b,implicature,swmimp172,2,1.0
deepseek7b,implicature,swmimp172,3,3.0
deepseek7b,implicature,swmimp173,1,1.0
deepseek7b,implicature,swmimp173,2,2.0
deepseek7b,implicature,swmimp173,3,2.0
deepseek7b,implicature,swmimp174,1,4.0
deepseek7b,implicature,swmimp174,2,6.0
deepseek7b,implicature,swmimp174,3,5.0
deepseek7b,implicature,swmimp175,1,4.0
deepseek7b,implicature,swmimp175,2,4.0
deepseek7b,implicature,swmimp175,3,4.0
deepseek7b,implicature,swmimp176,1,3.0
deepseek7b,implicature,swmimp176,2,1.0
deepseek7b,implicature,swmimp176,3,4.0
deepseek7b,implicature,swmimp177,1,6.0
deepseek7b,implicature,swmimp177,2,3.0
deepseek7b,implicature,swmimp177,3,4.0
deepseek7b,implicature,swmimp178,1,3.0
deepseek7b,implicature,swmimp178,2,8.0
deepseek7b,implicature,swmimp178,3,1.0
deepseek7b,implicature,swmimp179,1,
deepseek7b,implicature,swmimp179,2,7.0
deepseek7b,implicature,swmimp179,3,2.0
deepseek7b,implicature,swmimp180,1,
deepseek7b,implicature,swmimp180,2,1.0
deepseek7b,implicature,swmimp180,3,
deepseek7b,implicature,swmimp181,1,6.0
deepseek7b,implicature,swmimp181,2,5.0
deepseek7b,implicature,swmimp181,3,2.0
deepseek7b,implicature,swmimp182,1,1.0
deepseek7b,implicature,swmimp182,2,2.0
deepseek7b,implicature,swmimp182,3,
deepseek7b,implicature,swmimp183,1,
deepseek7b,implicature,swmimp183,2,
deepseek7b,implicature,swmimp183,3,
deepseek7b,implicature,swmimp184,1,3.0
deepseek7b,implicature,swmimp184,2,1.0
deepseek7b,implicature,swmimp184,3,3.0
deepseek7b,implicature,swmimp185,1,1.0
deepseek7b,implicature,swmimp185,2,
deepseek7b,implicature,swmimp185,3,3.0
deepseek7b,implicature,swmimp186,1,2.0
deepseek7b,implicature,swmimp186,2,
deepseek7b,implicature,swmimp186,3,
deepseek7b,implicature,swmimp187,1,1.0
deepseek7b,implicature,swmimp187,2,1.0
deepseek7b,implicature,swmimp187,3,1.0
deepseek7b,implicature,swmimp188,1,3.0
deepseek7b,implicature,swmimp188,2,5.0
deepseek7b,implicature,swmimp188,3,
deepseek7b,implicature,swmimp189,1,1.0
deepseek7b,implicature,swmimp189,2,2.0
deepseek7b,implicature,swmimp189,3,2.0
deepseek7b,implicature,swmimp190,1,3.0
deepseek7b,implicature,swmimp190,2,2.0
deepseek7b,implicature,swmimp190,3,3.0
deepseek7b,implicature,swmimp191,1,4.0
deepseek7b,implicature,swmimp191,2,5.0
deepseek7b,implicature,swmimp191,3,5.0
deepseek7b,implicature,swmimp192,1,
deepseek7b,implicature,swmimp192,2,1.0
deepseek7b,implicature,swmimp192,3,2.0
deepseek7b,implicature,swmimp193,1,
deepseek7b,implicature,swmimp193,2,
deepseek7b,implicature,swmimp193,3,2.0
deepseek7b,implicature,swmimp194,1,
deepseek7b,implicature,swmimp194,2,3.0
deepseek7b,implicature,swmimp194,3,
deepseek7b,implicature,swmimp195,1,1.0
deepseek7b,implicature,swmimp195,2,1.0
deepseek7b,implicature,swmimp195,3,1.0
deepseek7b,implicature,swmimp196,1,6.0
deepseek7b,implicature,swmimp196,2,1.0
deepseek7b,implicature,swmimp196,3,7.0
deepseek7b,implicature,swmimp197,1,1.0
deepseek7b,implicature,swmimp197,2,1.0
deepseek7b,implicature,swmimp197,3,1.0
deepseek7b,implicature,swmimp198,1,4.0
deepseek7b,implicature,swmimp198,2,2.0
deepseek7b,implicature,swmimp198,3,4.0
deepseek7b,implicature,swmimp199,1,1.0
deepseek7b,implicature,swmimp199,2,3.0
deepseek7b,implicature,swmimp199,3,2.0
deepseek7b,implicature,swmimp200,1,4.0
deepseek7b,implicature,swmimp200,2,3.0
deepseek7b,implicature,swmimp200,3,
